id_pedido,id_cliente,data_compra,sku_produto,produto_nome,categoria,peso_gramas,quantidade,custo_unitario,valor_unitario_venda,cupom_desconto,percentual_desconto
PED-1000,185,2025-03-26 17:58:15,HW-003,Placa de Vídeo RTX 4060,Hardware,2484,3,2110.49,2711.53,,0.0
PED-1001,25,2025-03-26 19:38:08,HW-007,Placa-Mãe B550,Hardware,2347,3,538.74,1360.53,,0.0
PED-1002,153,2025-03-27 08:16:14,LIC-001,Licença Antivírus Kaspersky,Licenças,0,3,67.52,136.22,PROMO10,0.1
PED-1003,47,2025-03-27 11:05:46,AC-002,Teclado Mecânico RGB,Acessórios,606,1,99.76,198.46,,0.0
PED-1004,49,2025-03-27 13:21:17,HW-008,Gabinete Gamer RGB,Hardware,4172,1,202.61,531.12,OFF20,0.2
PED-1005,3,2025-03-27 18:18:34,AC-005,Hub USB-C 7 Portas,Acessórios,219,3,75.68,138.43,,0.0
PED-1006,68,2025-03-28 00:59:49,AC-001,Mouse Wireless Ergonômico,Acessórios,339,3,70.76,84.33,,0.0
PED-1007,34,2025-03-29 03:11:58,HW-002,Notebook Gamer i7,Hardware,2915,3,2932.88,3841.75,,0.0
PED-1008,99,2025-03-29 04:01:23,HW-003,Placa de Vídeo RTX 4060,Hardware,2260,1,2064.14,3020.14,OFF20,0.2
PED-1009,70,2025-03-29 04:45:37,LIC-003,Licença Cloud 1TB,Licenças,0,3,75.85,116.37,OFF20,0.2
PED-1010,62,2025-03-29 07:35:34,LIC-002,Licença VPN NordVPN,Licenças,0,3,74.74,182.61,,0.0
PED-1011,85,2025-03-30 01:48:56,AC-004,Webcam Full HD,Acessórios,264,2,47.12,150.98,OFF20,0.2
PED-1012,94,2025-03-30 06:10:01,AC-007,Cabo HDMI 2.1 3m,Acessórios,253,3,25.86,42.48,PROMO10,0.1
PED-1013,57,2025-03-31 00:52:36,AC-006,Mousepad XL Gamer,Acessórios,314,3,35.06,75.53,OFF20,0.2
PED-1014,131,2025-03-31 05:00:57,HW-002,Notebook Gamer i7,Hardware,2401,2,2801.89,3477.89,,0.0
PED-1015,185,2025-03-31 06:04:17,LIC-003,Licença Cloud 1TB,Licenças,0,1,39.91,190.84,,0.0
PED-1016,34,2025-03-31 19:36:27,HW-004,SSD NVMe 1TB,Hardware,2043,1,235.46,436.95,OFF20,0.2
PED-1017,37,2025-04-01 13:23:58,HW-003,Placa de Vídeo RTX 4060,Hardware,2443,2,2498.58,3442.5,,0.0
PED-1018,100,2025-04-01 22:42:02,HW-005,Processador Ryzen 7,Hardware,2006,3,1467.91,1790.32,,0.0
PED-1019,135,2025-04-02 20:38:49,SW-001,Windows 11 Pro,Software,0,1,405.6,679.12,PROMO10,0.1
PED-1020,35,2025-04-02 21:16:20,AC-004,Webcam Full HD,Acessórios,318,3,87.34,109.48,PROMO10,0.1
PED-1021,89,2025-04-02 22:27:58,AC-006,Mousepad XL Gamer,Acessórios,498,1,26.09,71.88,PROMO10,0.1
PED-1022,68,2025-04-03 09:03:59,LIC-004,Licença Backup Acronis,Licenças,0,3,187.54,286.26,,0.0
PED-1023,75,2025-04-03 11:36:55,HW-007,Placa-Mãe B550,Hardware,2414,3,499.15,769.09,,0.0
PED-1024,36,2025-04-03 15:45:54,HW-005,Processador Ryzen 7,Hardware,2027,3,1035.99,1868.65,OFF20,0.2
PED-1025,181,2025-04-04 09:22:23,LIC-004,Licença Backup Acronis,Licenças,0,3,79.56,200.99,,0.0
PED-1026,77,2025-04-04 18:53:16,LIC-001,Licença Antivírus Kaspersky,Licenças,0,2,52.75,106.41,,0.0
PED-1027,86,2025-04-06 02:06:09,AC-004,Webcam Full HD,Acessórios,223,1,75.96,161.31,PROMO10,0.1
PED-1028,200,2025-04-06 20:27:54,AC-003,Headset Gamer 7.1,Acessórios,391,1,75.44,149.65,,0.0
PED-1029,161,2025-04-07 03:44:13,AC-003,Headset Gamer 7.1,Acessórios,480,3,91.52,278.8,PROMO10,0.1
PED-1030,26,2025-04-08 01:09:25,LIC-002,Licença VPN NordVPN,Licenças,0,2,51.0,173.59,OFF20,0.2
PED-1031,10,2025-04-08 13:31:07,AC-005,Hub USB-C 7 Portas,Acessórios,262,3,63.2,90.07,,0.0
PED-1032,180,2025-04-08 13:55:21,LIC-002,Licença VPN NordVPN,Licenças,0,2,43.86,133.62,,0.0
PED-1033,156,2025-04-09 04:20:27,AC-007,Cabo HDMI 2.1 3m,Acessórios,217,3,24.83,113.56,PROMO10,0.1
PED-1034,191,2025-04-10 06:24:01,HW-002,Notebook Gamer i7,Hardware,2809,1,2135.87,3958.47,,0.0
PED-1035,187,2025-04-10 15:30:49,HW-006,Fonte 750W Modular,Hardware,3415,1,390.28,631.01,,0.0
PED-1036,182,2025-04-11 02:32:42,HW-002,Notebook Gamer i7,Hardware,2318,1,2617.62,4473.32,OFF20,0.2
PED-1037,100,2025-04-11 21:20:14,AC-002,Teclado Mecânico RGB,Acessórios,722,2,135.33,342.11,,0.0
PED-1038,76,2025-04-12 12:38:13,HW-001,Monitor 24pol IPS,Hardware,4326,3,659.75,1252.28,,0.0
PED-1039,30,2025-04-12 12:57:44,HW-001,Monitor 24pol IPS,Hardware,4085,3,780.74,1760.64,PROMO10,0.1
PED-1040,66,2025-04-13 03:26:10,LIC-004,Licença Backup Acronis,Licenças,0,2,142.01,213.07,,0.0
PED-1041,78,2025-04-13 12:07:04,LIC-001,Licença Antivírus Kaspersky,Licenças,0,3,46.51,55.13,,0.0
PED-1042,120,2025-04-13 21:05:52,SW-003,Adobe Creative Cloud,Software,0,3,253.46,452.71,PROMO10,0.1
PED-1043,120,2025-04-13 22:46:07,HW-004,SSD NVMe 1TB,Hardware,2096,3,273.03,497.09,,0.0
PED-1044,51,2025-04-14 00:17:53,AC-005,Hub USB-C 7 Portas,Acessórios,230,3,54.48,108.78,,0.0
PED-1045,105,2025-04-14 10:29:40,AC-004,Webcam Full HD,Acessórios,213,2,96.09,158.42,,0.0
PED-1046,151,2025-04-15 14:21:28,HW-006,Fonte 750W Modular,Hardware,3481,2,558.11,703.94,OFF20,0.2
PED-1047,143,2025-04-15 14:55:16,LIC-001,Licença Antivírus Kaspersky,Licenças,0,2,23.93,107.71,OFF20,0.2
PED-1048,6,2025-04-15 16:10:10,AC-003,Headset Gamer 7.1,Acessórios,389,2,77.48,120.16,PROMO10,0.1
PED-1049,124,2025-04-15 21:47:37,SW-002,Microsoft Office 365,Software,0,1,274.94,354.4,PROMO10,0.1
PED-1050,13,2025-04-16 06:59:12,AC-003,Headset Gamer 7.1,Acessórios,463,2,132.15,277.7,OFF20,0.2
PED-1051,188,2025-04-17 03:43:24,AC-006,Mousepad XL Gamer,Acessórios,346,3,44.03,95.23,,0.0
PED-1052,119,2025-04-17 22:56:21,AC-002,Teclado Mecânico RGB,Acessórios,767,3,141.34,290.08,,0.0
PED-1053,93,2025-04-18 00:55:40,HW-006,Fonte 750W Modular,Hardware,2719,1,307.92,816.06,OFF20,0.2
PED-1054,150,2025-04-18 03:57:25,AC-005,Hub USB-C 7 Portas,Acessórios,292,1,51.88,113.27,,0.0
PED-1055,92,2025-04-18 04:41:05,AC-005,Hub USB-C 7 Portas,Acessórios,209,3,41.12,65.94,,0.0
PED-1056,129,2025-04-19 10:50:01,AC-002,Teclado Mecânico RGB,Acessórios,661,2,169.16,271.37,,0.0
PED-1057,40,2025-04-19 17:16:28,AC-003,Headset Gamer 7.1,Acessórios,367,3,105.16,126.41,,0.0
PED-1058,114,2025-04-21 06:30:34,AC-002,Teclado Mecânico RGB,Acessórios,636,3,110.61,341.15,,0.0
PED-1059,75,2025-04-21 15:26:52,AC-005,Hub USB-C 7 Portas,Acessórios,218,1,74.54,139.06,,0.0
PED-1060,167,2025-04-22 22:24:29,LIC-002,Licença VPN NordVPN,Licenças,0,1,34.88,160.83,,0.0
PED-1061,148,2025-04-23 07:14:12,LIC-003,Licença Cloud 1TB,Licenças,0,3,33.83,213.31,,0.0
PED-1062,77,2025-04-24 17:10:50,HW-008,Gabinete Gamer RGB,Hardware,4810,1,202.44,724.87,OFF20,0.2
PED-1063,4,2025-04-25 08:47:45,HW-008,Gabinete Gamer RGB,Hardware,4784,1,313.65,832.03,,0.0
PED-1064,127,2025-04-26 00:15:55,AC-002,Teclado Mecânico RGB,Acessórios,607,2,124.95,199.5,,0.0
PED-1065,35,2025-04-26 02:25:47,LIC-001,Licença Antivírus Kaspersky,Licenças,0,1,68.34,92.69,,0.0
PED-1066,38,2025-04-26 06:53:17,SW-004,AutoCAD 2024,Software,0,2,305.46,658.66,,0.0
PED-1067,99,2025-04-26 16:51:31,HW-008,Gabinete Gamer RGB,Hardware,4212,2,266.77,697.61,OFF20,0.2
PED-1068,43,2025-04-26 17:37:27,HW-006,Fonte 750W Modular,Hardware,3333,2,584.94,963.23,OFF20,0.2
PED-1069,122,2025-04-26 20:50:56,LIC-001,Licença Antivírus Kaspersky,Licenças,0,1,63.81,80.19,,0.0
PED-1070,133,2025-04-27 04:43:32,AC-004,Webcam Full HD,Acessórios,226,2,60.53,201.24,,0.0
PED-1071,139,2025-04-27 15:57:07,HW-002,Notebook Gamer i7,Hardware,2642,2,2983.3,4541.8,,0.0
PED-1072,46,2025-04-27 22:05:05,HW-002,Notebook Gamer i7,Hardware,2628,1,2257.4,4909.64,PROMO10,0.1
PED-1073,191,2025-04-28 00:48:11,SW-002,Microsoft Office 365,Software,0,2,154.25,429.57,,0.0
PED-1074,78,2025-04-28 06:36:46,HW-001,Monitor 24pol IPS,Hardware,3915,3,937.47,1640.48,,0.0
PED-1075,107,2025-04-28 09:02:09,LIC-003,Licença Cloud 1TB,Licenças,0,3,97.25,116.33,,0.0
PED-1076,77,2025-04-28 11:15:09,HW-003,Placa de Vídeo RTX 4060,Hardware,2587,2,1978.0,3298.55,,0.0
PED-1077,8,2025-04-29 00:57:24,HW-004,SSD NVMe 1TB,Hardware,2039,2,201.81,540.57,OFF20,0.2
PED-1078,29,2025-04-29 04:10:43,AC-002,Teclado Mecânico RGB,Acessórios,639,1,132.44,218.82,,0.0
PED-1079,11,2025-04-30 10:39:37,HW-007,Placa-Mãe B550,Hardware,2728,1,833.7,1034.9,,0.0
PED-1080,90,2025-04-30 23:00:38,SW-004,AutoCAD 2024,Software,0,1,345.99,577.88,PROMO10,0.1
PED-1081,87,2025-05-01 00:49:54,SW-003,Adobe Creative Cloud,Software,0,1,357.05,473.88,PROMO10,0.1
PED-1082,178,2025-05-01 17:07:30,LIC-003,Licença Cloud 1TB,Licenças,0,2,99.42,213.36,,0.0
PED-1083,180,2025-05-02 09:34:32,LIC-004,Licença Backup Acronis,Licenças,0,2,218.88,339.9,OFF20,0.2
PED-1084,32,2025-05-03 06:28:26,HW-008,Gabinete Gamer RGB,Hardware,4331,3,485.8,779.13,,0.0
PED-1085,181,2025-05-03 10:18:24,HW-007,Placa-Mãe B550,Hardware,2132,3,895.66,1092.25,,0.0
PED-1086,31,2025-05-03 15:28:05,SW-003,Adobe Creative Cloud,Software,0,3,384.89,592.37,PROMO10,0.1
PED-1087,185,2025-05-03 18:07:30,AC-007,Cabo HDMI 2.1 3m,Acessórios,230,3,46.36,79.84,,0.0
PED-1088,48,2025-05-03 23:53:32,SW-004,AutoCAD 2024,Software,0,2,472.37,606.87,OFF20,0.2
PED-1089,118,2025-05-04 19:37:18,AC-003,Headset Gamer 7.1,Acessórios,444,2,65.64,189.77,,0.0
PED-1090,90,2025-05-05 05:45:17,SW-003,Adobe Creative Cloud,Software,0,2,444.43,719.86,,0.0
PED-1091,67,2025-05-05 19:50:14,HW-005,Processador Ryzen 7,Hardware,2111,2,1438.72,1957.07,OFF20,0.2
PED-1092,25,2025-05-06 05:19:54,AC-006,Mousepad XL Gamer,Acessórios,519,2,47.07,58.55,,0.0
PED-1093,79,2025-05-06 14:56:00,AC-002,Teclado Mecânico RGB,Acessórios,762,2,120.39,300.2,,0.0
PED-1094,8,2025-05-06 17:57:42,LIC-001,Licença Antivírus Kaspersky,Licenças,0,1,32.07,119.62,,0.0
PED-1095,26,2025-05-06 18:04:59,AC-005,Hub USB-C 7 Portas,Acessórios,258,1,27.38,60.24,,0.0
PED-1096,2,2025-05-07 09:53:05,AC-004,Webcam Full HD,Acessórios,200,3,81.37,208.93,PROMO10,0.1
PED-1097,78,2025-05-07 14:06:27,AC-003,Headset Gamer 7.1,Acessórios,338,2,78.37,191.65,,0.0
PED-1098,165,2025-05-07 21:20:18,AC-001,Mouse Wireless Ergonômico,Acessórios,202,2,32.15,140.17,,0.0
PED-1099,13,2025-05-08 03:46:06,LIC-001,Licença Antivírus Kaspersky,Licenças,0,3,30.24,59.5,,0.0
PED-1100,145,2025-05-08 06:31:54,AC-007,Cabo HDMI 2.1 3m,Acessórios,291,3,29.51,55.78,PROMO10,0.1
PED-1101,80,2025-05-08 12:38:53,HW-006,Fonte 750W Modular,Hardware,3092,2,420.73,627.35,OFF20,0.2
PED-1102,15,2025-05-08 20:01:21,HW-005,Processador Ryzen 7,Hardware,2166,3,927.86,1741.95,,0.0
PED-1103,56,2025-05-08 21:53:01,SW-003,Adobe Creative Cloud,Software,0,3,234.8,713.42,,0.0
PED-1104,200,2025-05-08 23:35:55,HW-004,SSD NVMe 1TB,Hardware,2079,3,370.55,653.96,PROMO10,0.1
PED-1105,26,2025-05-09 00:05:03,HW-001,Monitor 24pol IPS,Hardware,4135,2,1095.01,1315.82,PROMO10,0.1
PED-1106,173,2025-05-09 13:07:41,AC-006,Mousepad XL Gamer,Acessórios,310,1,33.77,47.17,PROMO10,0.1
PED-1107,88,2025-05-09 13:24:39,AC-001,Mouse Wireless Ergonômico,Acessórios,276,1,79.63,98.9,PROMO10,0.1
PED-1108,53,2025-05-09 14:42:04,LIC-002,Licença VPN NordVPN,Licenças,0,3,76.76,129.33,PROMO10,0.1
PED-1109,154,2025-05-09 15:43:30,LIC-002,Licença VPN NordVPN,Licenças,0,2,86.51,112.57,PROMO10,0.1
PED-1110,71,2025-05-09 18:34:45,SW-001,Windows 11 Pro,Software,0,1,462.83,715.71,,0.0
PED-1111,104,2025-05-09 23:18:12,HW-007,Placa-Mãe B550,Hardware,2604,2,503.33,922.66,,0.0
PED-1112,167,2025-05-10 01:08:22,SW-003,Adobe Creative Cloud,Software,0,1,287.68,683.42,OFF20,0.2
PED-1113,99,2025-05-10 09:48:58,HW-004,SSD NVMe 1TB,Hardware,2060,2,231.23,687.92,,0.0
PED-1114,50,2025-05-10 11:30:21,AC-001,Mouse Wireless Ergonômico,Acessórios,209,3,39.94,82.03,,0.0
PED-1115,194,2025-05-10 21:12:03,AC-003,Headset Gamer 7.1,Acessórios,318,2,98.38,162.72,,0.0
PED-1116,90,2025-05-10 21:42:25,AC-003,Headset Gamer 7.1,Acessórios,467,1,120.23,172.14,OFF20,0.2
PED-1117,39,2025-05-11 16:09:52,LIC-003,Licença Cloud 1TB,Licenças,0,1,30.35,191.41,,0.0
PED-1118,52,2025-05-11 19:00:44,HW-005,Processador Ryzen 7,Hardware,2129,2,935.02,1974.19,,0.0
PED-1119,105,2025-05-11 22:47:26,AC-003,Headset Gamer 7.1,Acessórios,474,1,101.09,275.28,,0.0
PED-1120,38,2025-05-12 01:55:43,AC-003,Headset Gamer 7.1,Acessórios,388,1,128.41,263.5,OFF20,0.2
PED-1121,10,2025-05-12 04:35:15,HW-007,Placa-Mãe B550,Hardware,2720,3,613.24,1093.08,OFF20,0.2
PED-1122,46,2025-05-12 12:33:57,LIC-002,Licença VPN NordVPN,Licenças,0,1,68.25,166.83,,0.0
PED-1123,119,2025-05-13 03:13:32,SW-004,AutoCAD 2024,Software,0,1,378.7,565.74,,0.0
PED-1124,38,2025-05-13 08:47:58,SW-003,Adobe Creative Cloud,Software,0,2,274.13,592.48,PROMO10,0.1
PED-1125,20,2025-05-13 09:23:58,LIC-001,Licença Antivírus Kaspersky,Licenças,0,3,69.91,108.66,OFF20,0.2
PED-1126,84,2025-05-13 12:04:16,AC-001,Mouse Wireless Ergonômico,Acessórios,202,1,60.86,130.65,,0.0
PED-1127,122,2025-05-13 12:23:02,AC-002,Teclado Mecânico RGB,Acessórios,725,1,174.05,287.11,OFF20,0.2
PED-1128,13,2025-05-13 23:42:00,HW-005,Processador Ryzen 7,Hardware,2023,3,942.25,1204.7,,0.0
PED-1129,154,2025-05-14 19:04:37,LIC-001,Licença Antivírus Kaspersky,Licenças,0,1,60.88,120.3,,0.0
PED-1130,181,2025-05-14 20:41:20,HW-002,Notebook Gamer i7,Hardware,2421,1,2133.01,3222.91,,0.0
PED-1131,191,2025-05-14 20:52:45,HW-002,Notebook Gamer i7,Hardware,2859,3,2232.11,4470.19,PROMO10,0.1
PED-1132,155,2025-05-14 22:01:27,HW-007,Placa-Mãe B550,Hardware,2273,1,636.25,1133.63,,0.0
PED-1133,121,2025-05-15 01:41:40,AC-002,Teclado Mecânico RGB,Acessórios,666,1,188.35,309.45,OFF20,0.2
PED-1134,92,2025-05-15 09:11:11,AC-005,Hub USB-C 7 Portas,Acessórios,251,3,48.22,147.31,OFF20,0.2
PED-1135,127,2025-05-15 15:18:31,HW-005,Processador Ryzen 7,Hardware,2104,2,1414.04,1764.96,PROMO10,0.1
PED-1136,5,2025-05-15 16:28:21,HW-004,SSD NVMe 1TB,Hardware,2042,3,310.92,454.85,,0.0
PED-1137,32,2025-05-15 18:34:00,HW-002,Notebook Gamer i7,Hardware,2874,3,2381.94,4296.76,OFF20,0.2
PED-1138,102,2025-05-15 19:45:45,AC-006,Mousepad XL Gamer,Acessórios,347,1,26.66,67.83,OFF20,0.2
PED-1139,177,2025-05-16 11:58:01,HW-002,Notebook Gamer i7,Hardware,2895,3,2761.99,3631.78,PROMO10,0.1
PED-1140,17,2025-05-17 13:33:15,HW-004,SSD NVMe 1TB,Hardware,2001,3,288.69,544.53,PROMO10,0.1
PED-1141,187,2025-05-18 01:44:52,SW-004,AutoCAD 2024,Software,0,1,428.34,605.9,,0.0
PED-1142,44,2025-05-18 04:01:35,HW-008,Gabinete Gamer RGB,Hardware,4989,2,333.05,551.87,PROMO10,0.1
PED-1143,69,2025-05-19 05:27:18,HW-005,Processador Ryzen 7,Hardware,2062,3,1157.93,1656.88,,0.0
PED-1144,47,2025-05-19 07:00:12,HW-002,Notebook Gamer i7,Hardware,2730,2,2926.02,3475.29,,0.0
PED-1145,172,2025-05-19 07:50:29,HW-006,Fonte 750W Modular,Hardware,3269,1,437.91,955.82,OFF20,0.2
PED-1146,135,2025-05-19 10:19:44,HW-003,Placa de Vídeo RTX 4060,Hardware,2214,2,1777.81,3378.03,PROMO10,0.1
PED-1147,108,2025-05-19 18:01:21,HW-003,Placa de Vídeo RTX 4060,Hardware,2525,2,2369.13,3409.71,,0.0
PED-1148,19,2025-05-20 02:48:01,AC-003,Headset Gamer 7.1,Acessórios,418,3,113.83,156.77,PROMO10,0.1
PED-1149,150,2025-05-20 10:04:02,HW-006,Fonte 750W Modular,Hardware,3238,2,586.43,883.06,,0.0
PED-1150,9,2025-05-20 21:26:24,HW-006,Fonte 750W Modular,Hardware,2624,2,494.86,616.92,,0.0
PED-1151,19,2025-05-21 02:08:18,HW-004,SSD NVMe 1TB,Hardware,2049,3,211.93,576.28,,0.0
PED-1152,90,2025-05-21 08:49:37,SW-001,Windows 11 Pro,Software,0,3,449.86,598.19,,0.0
PED-1153,103,2025-05-21 10:17:31,AC-005,Hub USB-C 7 Portas,Acessórios,248,2,50.72,66.85,,0.0
PED-1154,154,2025-05-21 11:34:31,LIC-002,Licença VPN NordVPN,Licenças,0,3,89.76,161.49,,0.0
PED-1155,194,2025-05-21 19:28:05,AC-003,Headset Gamer 7.1,Acessórios,450,3,133.49,163.37,OFF20,0.2
PED-1156,131,2025-05-22 06:49:00,HW-008,Gabinete Gamer RGB,Hardware,4215,1,359.61,622.33,PROMO10,0.1
PED-1157,88,2025-05-22 18:14:10,AC-003,Headset Gamer 7.1,Acessórios,408,3,77.74,262.24,OFF20,0.2
PED-1158,183,2025-05-23 05:30:02,HW-007,Placa-Mãe B550,Hardware,2545,2,671.22,1125.16,,0.0
PED-1159,167,2025-05-23 16:39:33,HW-005,Processador Ryzen 7,Hardware,2136,2,1347.83,1817.64,,0.0
PED-1160,131,2025-05-24 06:52:46,HW-003,Placa de Vídeo RTX 4060,Hardware,2026,2,1808.8,3053.3,,0.0
PED-1161,62,2025-05-24 07:52:04,AC-001,Mouse Wireless Ergonômico,Acessórios,273,3,42.81,140.18,PROMO10,0.1
PED-1162,97,2025-05-24 09:43:22,AC-007,Cabo HDMI 2.1 3m,Acessórios,265,1,57.59,108.35,,0.0
PED-1163,194,2025-05-24 10:06:54,HW-001,Monitor 24pol IPS,Hardware,3989,2,740.41,1952.81,OFF20,0.2
PED-1164,118,2025-05-25 10:48:06,HW-001,Monitor 24pol IPS,Hardware,3879,3,1000.39,1343.8,,0.0
PED-1165,5,2025-05-25 11:03:26,LIC-002,Licença VPN NordVPN,Licenças,0,3,69.36,157.18,OFF20,0.2
PED-1166,101,2025-05-26 16:44:25,LIC-002,Licença VPN NordVPN,Licenças,0,3,74.41,146.04,OFF20,0.2
PED-1167,175,2025-05-27 05:55:40,SW-001,Windows 11 Pro,Software,0,2,344.59,477.74,,0.0
PED-1168,34,2025-05-27 07:06:57,AC-001,Mouse Wireless Ergonômico,Acessórios,265,3,45.6,79.78,OFF20,0.2
PED-1169,75,2025-05-28 03:56:58,AC-002,Teclado Mecânico RGB,Acessórios,771,1,172.67,254.97,,0.0
PED-1170,77,2025-05-28 14:30:13,HW-001,Monitor 24pol IPS,Hardware,4801,1,782.0,1476.05,PROMO10,0.1
PED-1171,98,2025-05-28 15:28:53,AC-005,Hub USB-C 7 Portas,Acessórios,281,2,30.34,73.14,,0.0
PED-1172,47,2025-05-28 16:37:21,LIC-001,Licença Antivírus Kaspersky,Licenças,0,1,62.36,127.9,,0.0
PED-1173,8,2025-05-29 04:33:45,HW-007,Placa-Mãe B550,Hardware,2203,1,441.0,1327.64,,0.0
PED-1174,125,2025-05-29 07:14:14,AC-004,Webcam Full HD,Acessórios,247,3,106.1,218.06,,0.0
PED-1175,13,2025-05-29 19:18:02,AC-003,Headset Gamer 7.1,Acessórios,350,3,103.15,253.56,,0.0
PED-1176,117,2025-05-29 23:00:09,SW-003,Adobe Creative Cloud,Software,0,1,389.98,663.33,OFF20,0.2
PED-1177,106,2025-05-30 01:18:40,HW-002,Notebook Gamer i7,Hardware,2404,1,2734.27,3464.65,,0.0
PED-1178,8,2025-05-30 03:36:12,SW-002,Microsoft Office 365,Software,0,1,240.6,303.64,,0.0
PED-1179,185,2025-05-30 21:34:45,HW-003,Placa de Vídeo RTX 4060,Hardware,2036,3,2300.4,3320.27,,0.0
PED-1180,14,2025-05-31 12:18:24,AC-005,Hub USB-C 7 Portas,Acessórios,222,2,67.21,133.48,,0.0
PED-1181,25,2025-05-31 17:47:03,HW-004,SSD NVMe 1TB,Hardware,2058,1,259.55,682.87,,0.0
PED-1182,11,2025-06-01 05:52:05,HW-006,Fonte 750W Modular,Hardware,2702,2,499.2,824.51,PROMO10,0.1
PED-1183,63,2025-06-01 08:37:37,AC-007,Cabo HDMI 2.1 3m,Acessórios,236,2,22.66,107.71,,0.0
PED-1184,155,2025-06-01 11:21:18,HW-008,Gabinete Gamer RGB,Hardware,4917,1,320.78,400.02,,0.0
PED-1185,33,2025-06-01 12:07:37,AC-006,Mousepad XL Gamer,Acessórios,394,3,23.47,67.65,OFF20,0.2
PED-1186,196,2025-06-03 01:19:50,HW-002,Notebook Gamer i7,Hardware,2222,3,2610.04,4148.75,,0.0
PED-1187,179,2025-06-03 11:32:08,SW-003,Adobe Creative Cloud,Software,0,1,213.86,538.09,,0.0
PED-1188,197,2025-06-03 15:33:01,AC-004,Webcam Full HD,Acessórios,228,3,104.5,156.95,,0.0
PED-1189,65,2025-06-03 17:44:42,SW-004,AutoCAD 2024,Software,0,3,335.33,741.86,OFF20,0.2
PED-1190,48,2025-06-04 03:04:42,LIC-004,Licença Backup Acronis,Licenças,0,3,290.59,356.06,,0.0
PED-1191,4,2025-06-04 17:51:23,LIC-001,Licença Antivírus Kaspersky,Licenças,0,3,53.31,130.31,,0.0
PED-1192,72,2025-06-05 15:06:07,HW-002,Notebook Gamer i7,Hardware,2941,3,2599.6,4041.59,,0.0
PED-1193,47,2025-06-05 17:55:26,HW-007,Placa-Mãe B550,Hardware,2710,2,649.88,1264.56,PROMO10,0.1
PED-1194,106,2025-06-05 21:51:27,HW-006,Fonte 750W Modular,Hardware,3489,3,564.22,964.5,,0.0
PED-1195,6,2025-06-05 22:29:31,AC-002,Teclado Mecânico RGB,Acessórios,639,1,114.02,216.69,,0.0
PED-1196,22,2025-06-06 11:25:10,HW-002,Notebook Gamer i7,Hardware,2248,1,2420.14,3966.62,PROMO10,0.1
PED-1197,77,2025-06-06 19:46:26,AC-005,Hub USB-C 7 Portas,Acessórios,209,2,38.21,53.88,,0.0
PED-1198,61,2025-06-07 11:03:24,HW-007,Placa-Mãe B550,Hardware,2576,3,896.52,1064.07,,0.0
PED-1199,180,2025-06-07 16:36:46,HW-008,Gabinete Gamer RGB,Hardware,4835,3,409.76,882.29,PROMO10,0.1
PED-1200,156,2025-06-08 08:59:09,HW-003,Placa de Vídeo RTX 4060,Hardware,2484,2,2180.58,3027.96,PROMO10,0.1
PED-1201,2,2025-06-08 11:58:04,AC-002,Teclado Mecânico RGB,Acessórios,726,3,106.91,154.4,,0.0
PED-1202,43,2025-06-08 14:14:40,HW-007,Placa-Mãe B550,Hardware,2378,1,786.11,1098.06,,0.0
PED-1203,101,2025-06-08 14:43:54,SW-003,Adobe Creative Cloud,Software,0,1,191.4,390.13,OFF20,0.2
PED-1204,110,2025-06-08 23:18:33,AC-001,Mouse Wireless Ergonômico,Acessórios,259,2,67.66,81.93,,0.0
PED-1205,11,2025-06-09 14:28:31,AC-002,Teclado Mecânico RGB,Acessórios,718,3,140.01,249.6,,0.0
PED-1206,149,2025-06-09 14:43:24,AC-006,Mousepad XL Gamer,Acessórios,594,2,47.3,92.25,OFF20,0.2
PED-1207,150,2025-06-09 19:48:37,AC-001,Mouse Wireless Ergonômico,Acessórios,338,2,33.07,84.28,,0.0
PED-1208,197,2025-06-09 20:46:36,HW-001,Monitor 24pol IPS,Hardware,4585,2,776.64,1940.95,PROMO10,0.1
PED-1209,59,2025-06-10 00:44:29,LIC-002,Licença VPN NordVPN,Licenças,0,3,66.2,129.92,,0.0
PED-1210,196,2025-06-10 02:34:14,SW-003,Adobe Creative Cloud,Software,0,3,262.67,720.13,,0.0
PED-1211,154,2025-06-10 09:00:05,AC-003,Headset Gamer 7.1,Acessórios,423,2,130.81,201.22,PROMO10,0.1
PED-1212,10,2025-06-10 11:29:00,LIC-001,Licença Antivírus Kaspersky,Licenças,0,2,57.22,112.9,OFF20,0.2
PED-1213,14,2025-06-10 18:40:05,AC-006,Mousepad XL Gamer,Acessórios,519,3,35.39,45.31,,0.0
PED-1214,84,2025-06-12 08:12:31,AC-007,Cabo HDMI 2.1 3m,Acessórios,297,1,36.09,117.08,,0.0
PED-1215,75,2025-06-12 12:01:12,LIC-002,Licença VPN NordVPN,Licenças,0,3,99.14,118.57,,0.0
PED-1216,77,2025-06-12 14:40:17,LIC-003,Licença Cloud 1TB,Licenças,0,3,107.09,214.46,,0.0
PED-1217,160,2025-06-12 19:35:18,HW-003,Placa de Vídeo RTX 4060,Hardware,2251,1,1927.67,3888.08,,0.0
PED-1218,54,2025-06-12 22:44:48,AC-001,Mouse Wireless Ergonômico,Acessórios,292,3,70.7,113.21,,0.0
PED-1219,37,2025-06-13 12:31:22,SW-001,Windows 11 Pro,Software,0,2,421.57,782.61,,0.0
PED-1220,165,2025-06-13 12:54:42,HW-007,Placa-Mãe B550,Hardware,2429,2,456.82,846.39,PROMO10,0.1
PED-1221,185,2025-06-13 16:26:11,LIC-001,Licença Antivírus Kaspersky,Licenças,0,2,34.89,43.43,PROMO10,0.1
PED-1222,169,2025-06-14 14:34:15,SW-001,Windows 11 Pro,Software,0,1,436.74,782.5,,0.0
PED-1223,200,2025-06-14 18:30:35,HW-002,Notebook Gamer i7,Hardware,2920,2,2976.91,4377.74,,0.0
PED-1224,90,2025-06-15 05:36:36,HW-004,SSD NVMe 1TB,Hardware,2072,2,337.32,482.89,,0.0
PED-1225,1,2025-06-15 16:57:05,LIC-001,Licença Antivírus Kaspersky,Licenças,0,2,22.45,45.02,,0.0
PED-1226,198,2025-06-16 19:35:01,HW-003,Placa de Vídeo RTX 4060,Hardware,2493,1,1577.92,3728.64,,0.0
PED-1227,46,2025-06-16 22:21:28,AC-006,Mousepad XL Gamer,Acessórios,340,3,44.04,69.61,,0.0
PED-1228,168,2025-06-16 22:30:51,AC-002,Teclado Mecânico RGB,Acessórios,676,2,166.34,278.15,,0.0
PED-1229,60,2025-06-17 08:03:31,AC-005,Hub USB-C 7 Portas,Acessórios,236,3,43.64,72.77,PROMO10,0.1
PED-1230,199,2025-06-17 13:59:28,AC-001,Mouse Wireless Ergonômico,Acessórios,308,1,32.0,122.95,,0.0
PED-1231,102,2025-06-17 22:11:45,AC-006,Mousepad XL Gamer,Acessórios,570,3,33.93,83.95,OFF20,0.2
PED-1232,107,2025-06-18 21:00:32,HW-003,Placa de Vídeo RTX 4060,Hardware,2137,2,1786.33,2473.92,,0.0
PED-1233,161,2025-06-19 16:09:31,SW-003,Adobe Creative Cloud,Software,0,1,275.92,478.46,OFF20,0.2
PED-1234,129,2025-06-20 00:47:43,SW-002,Microsoft Office 365,Software,0,2,309.13,572.66,,0.0
PED-1235,107,2025-06-20 09:42:55,HW-004,SSD NVMe 1TB,Hardware,2062,2,286.94,455.42,,0.0
PED-1236,151,2025-06-20 18:58:54,HW-001,Monitor 24pol IPS,Hardware,3992,2,913.14,1331.49,OFF20,0.2
PED-1237,91,2025-06-21 17:47:03,AC-007,Cabo HDMI 2.1 3m,Acessórios,249,1,43.01,111.74,,0.0
PED-1238,50,2025-06-21 22:11:51,HW-004,SSD NVMe 1TB,Hardware,2059,3,399.98,604.2,,0.0
PED-1239,84,2025-06-21 22:31:21,HW-004,SSD NVMe 1TB,Hardware,2033,2,288.46,668.05,PROMO10,0.1
PED-1240,39,2025-06-21 23:20:42,SW-002,Microsoft Office 365,Software,0,3,163.05,339.61,,0.0
PED-1241,155,2025-06-23 06:58:53,AC-007,Cabo HDMI 2.1 3m,Acessórios,292,1,53.78,96.77,,0.0
PED-1242,159,2025-06-23 08:01:30,HW-003,Placa de Vídeo RTX 4060,Hardware,2004,1,2244.36,3584.93,,0.0
PED-1243,24,2025-06-23 14:14:21,HW-003,Placa de Vídeo RTX 4060,Hardware,2577,2,1818.56,2720.53,,0.0
PED-1244,121,2025-06-24 11:31:52,HW-002,Notebook Gamer i7,Hardware,2906,3,2775.97,4333.69,PROMO10,0.1
PED-1245,122,2025-06-24 14:00:24,HW-006,Fonte 750W Modular,Hardware,2608,2,438.9,546.74,PROMO10,0.1
PED-1246,155,2025-06-25 08:41:29,HW-004,SSD NVMe 1TB,Hardware,2094,3,333.1,384.34,,0.0
PED-1247,79,2025-06-25 15:58:10,HW-003,Placa de Vídeo RTX 4060,Hardware,2380,1,1537.05,2609.06,OFF20,0.2
PED-1248,68,2025-06-25 20:29:00,HW-007,Placa-Mãe B550,Hardware,2228,1,843.78,1212.94,OFF20,0.2
PED-1249,2,2025-06-26 19:21:45,HW-006,Fonte 750W Modular,Hardware,3016,3,352.64,723.81,,0.0
PED-1250,78,2025-06-27 02:44:11,HW-003,Placa de Vídeo RTX 4060,Hardware,2735,1,2114.01,3390.52,,0.0
PED-1251,38,2025-06-27 14:07:50,LIC-003,Licença Cloud 1TB,Licenças,0,1,53.63,126.7,OFF20,0.2
PED-1252,154,2025-06-28 02:11:23,AC-004,Webcam Full HD,Acessórios,262,3,105.86,152.87,,0.0
PED-1253,9,2025-06-28 04:55:53,LIC-001,Licença Antivírus Kaspersky,Licenças,0,2,56.76,140.66,,0.0
PED-1254,199,2025-06-28 12:30:38,HW-007,Placa-Mãe B550,Hardware,2619,1,784.46,926.33,PROMO10,0.1
PED-1255,134,2025-06-28 16:58:36,AC-007,Cabo HDMI 2.1 3m,Acessórios,209,1,30.92,62.98,,0.0
PED-1256,90,2025-06-28 17:09:55,HW-002,Notebook Gamer i7,Hardware,2581,1,2110.89,4329.12,,0.0
PED-1257,79,2025-06-29 04:31:21,AC-002,Teclado Mecânico RGB,Acessórios,696,1,173.87,331.68,,0.0
PED-1258,99,2025-06-29 04:53:39,HW-006,Fonte 750W Modular,Hardware,3288,1,351.69,621.14,,0.0
PED-1259,51,2025-06-29 16:26:01,SW-003,Adobe Creative Cloud,Software,0,3,275.42,625.95,,0.0
PED-1260,8,2025-06-29 18:54:49,LIC-001,Licença Antivírus Kaspersky,Licenças,0,1,51.23,141.91,,0.0
PED-1261,164,2025-06-30 05:53:55,HW-002,Notebook Gamer i7,Hardware,2414,3,2812.69,4850.07,,0.0
PED-1262,97,2025-06-30 13:18:42,HW-006,Fonte 750W Modular,Hardware,2987,3,551.79,949.47,OFF20,0.2
PED-1263,189,2025-07-01 02:19:52,AC-007,Cabo HDMI 2.1 3m,Acessórios,207,1,31.7,47.61,,0.0
PED-1264,14,2025-07-01 17:06:14,SW-001,Windows 11 Pro,Software,0,2,272.36,439.74,,0.0
PED-1265,69,2025-07-01 19:47:04,AC-003,Headset Gamer 7.1,Acessórios,462,2,115.53,186.86,PROMO10,0.1
PED-1266,52,2025-07-02 00:31:26,HW-004,SSD NVMe 1TB,Hardware,2016,3,204.97,505.47,,0.0
PED-1267,18,2025-07-02 07:30:43,SW-002,Microsoft Office 365,Software,0,1,299.9,384.25,,0.0
PED-1268,26,2025-07-02 08:25:49,LIC-003,Licença Cloud 1TB,Licenças,0,1,105.91,243.58,PROMO10,0.1
PED-1269,200,2025-07-02 13:00:42,LIC-003,Licença Cloud 1TB,Licenças,0,3,26.46,153.18,,0.0
PED-1270,21,2025-07-02 16:28:04,LIC-001,Licença Antivírus Kaspersky,Licenças,0,1,48.51,81.95,,0.0
PED-1271,128,2025-07-03 00:15:51,HW-002,Notebook Gamer i7,Hardware,2943,2,2473.56,4552.16,,0.0
PED-1272,83,2025-07-03 05:02:00,HW-001,Monitor 24pol IPS,Hardware,4566,2,542.05,876.38,OFF20,0.2
PED-1273,110,2025-07-03 06:49:34,LIC-002,Licença VPN NordVPN,Licenças,0,2,30.86,74.19,,0.0
PED-1274,37,2025-07-03 10:55:12,AC-007,Cabo HDMI 2.1 3m,Acessórios,203,3,52.03,72.03,,0.0
PED-1275,161,2025-07-03 19:01:56,HW-006,Fonte 750W Modular,Hardware,3164,2,357.93,766.1,,0.0
PED-1276,44,2025-07-04 03:37:03,AC-002,Teclado Mecânico RGB,Acessórios,797,2,183.57,315.75,,0.0
PED-1277,74,2025-07-04 13:10:52,AC-001,Mouse Wireless Ergonômico,Acessórios,341,3,52.54,137.82,,0.0
PED-1278,187,2025-07-04 21:27:45,LIC-002,Licença VPN NordVPN,Licenças,0,3,43.44,188.54,,0.0
PED-1279,97,2025-07-05 06:45:42,HW-007,Placa-Mãe B550,Hardware,2639,3,470.28,1316.05,PROMO10,0.1
PED-1280,26,2025-07-05 10:07:41,HW-005,Processador Ryzen 7,Hardware,2122,1,1412.22,1757.2,OFF20,0.2
PED-1281,73,2025-07-06 04:30:36,SW-003,Adobe Creative Cloud,Software,0,1,340.24,402.68,,0.0
PED-1282,44,2025-07-06 08:41:02,HW-003,Placa de Vídeo RTX 4060,Hardware,2151,1,2195.77,3623.55,,0.0
PED-1283,67,2025-07-06 10:55:06,HW-002,Notebook Gamer i7,Hardware,2995,3,2474.79,3819.87,,0.0
PED-1284,154,2025-07-06 13:34:21,SW-004,AutoCAD 2024,Software,0,2,486.06,688.86,,0.0
PED-1285,168,2025-07-06 14:04:49,SW-002,Microsoft Office 365,Software,0,1,172.6,479.93,,0.0
PED-1286,142,2025-07-06 14:20:29,SW-001,Windows 11 Pro,Software,0,2,292.15,453.4,,0.0
PED-1287,164,2025-07-06 21:47:24,AC-004,Webcam Full HD,Acessórios,283,2,59.37,173.37,,0.0
PED-1288,46,2025-07-07 06:25:25,LIC-001,Licença Antivírus Kaspersky,Licenças,0,2,36.59,91.28,OFF20,0.2
PED-1289,186,2025-07-08 07:11:18,LIC-002,Licença VPN NordVPN,Licenças,0,1,31.33,175.41,PROMO10,0.1
PED-1290,125,2025-07-08 08:06:30,AC-004,Webcam Full HD,Acessórios,225,3,74.57,127.73,,0.0
PED-1291,85,2025-07-08 21:09:12,HW-006,Fonte 750W Modular,Hardware,3204,3,468.21,617.89,,0.0
PED-1292,177,2025-07-09 06:42:40,AC-006,Mousepad XL Gamer,Acessórios,561,3,37.96,63.88,,0.0
PED-1293,58,2025-07-09 11:07:21,HW-002,Notebook Gamer i7,Hardware,2326,2,2748.38,4834.67,,0.0
PED-1294,16,2025-07-09 16:55:27,LIC-003,Licença Cloud 1TB,Licenças,0,1,119.9,202.7,,0.0
PED-1295,119,2025-07-09 20:39:14,SW-004,AutoCAD 2024,Software,0,1,319.52,740.2,,0.0
PED-1296,32,2025-07-09 23:18:24,LIC-004,Licença Backup Acronis,Licenças,0,1,225.01,480.75,,0.0
PED-1297,154,2025-07-10 00:35:00,LIC-003,Licença Cloud 1TB,Licenças,0,2,114.22,163.93,PROMO10,0.1
PED-1298,197,2025-07-10 00:50:44,HW-008,Gabinete Gamer RGB,Hardware,4768,1,276.62,656.41,,0.0
PED-1299,109,2025-07-10 08:00:08,SW-001,Windows 11 Pro,Software,0,2,480.61,690.5,,0.0
PED-1300,152,2025-07-10 14:01:49,HW-006,Fonte 750W Modular,Hardware,2538,2,358.33,575.31,,0.0
PED-1301,119,2025-07-10 16:57:40,AC-006,Mousepad XL Gamer,Acessórios,501,3,16.76,89.58,OFF20,0.2
PED-1302,168,2025-07-10 19:04:23,AC-007,Cabo HDMI 2.1 3m,Acessórios,215,1,27.06,79.22,PROMO10,0.1
PED-1303,111,2025-07-10 20:19:07,HW-007,Placa-Mãe B550,Hardware,2130,2,761.04,1113.38,PROMO10,0.1
PED-1304,103,2025-07-11 18:02:12,HW-008,Gabinete Gamer RGB,Hardware,4194,3,211.37,706.01,PROMO10,0.1
PED-1305,112,2025-07-11 20:18:36,HW-005,Processador Ryzen 7,Hardware,2015,2,1199.98,2161.0,,0.0
PED-1306,33,2025-07-11 22:16:22,AC-007,Cabo HDMI 2.1 3m,Acessórios,287,2,29.26,100.19,OFF20,0.2
PED-1307,169,2025-07-12 01:23:31,LIC-002,Licença VPN NordVPN,Licenças,0,3,90.75,184.15,,0.0
PED-1308,136,2025-07-12 03:36:27,HW-001,Monitor 24pol IPS,Hardware,3798,3,662.24,1203.87,,0.0
PED-1309,195,2025-07-12 04:24:28,AC-001,Mouse Wireless Ergonômico,Acessórios,232,3,79.23,118.45,,0.0
PED-1310,22,2025-07-12 06:59:31,SW-001,Windows 11 Pro,Software,0,1,493.84,714.49,,0.0
PED-1311,166,2025-07-12 16:06:24,HW-007,Placa-Mãe B550,Hardware,2255,2,762.32,1377.09,PROMO10,0.1
PED-1312,12,2025-07-13 01:54:02,HW-008,Gabinete Gamer RGB,Hardware,4278,2,207.35,484.15,,0.0
PED-1313,187,2025-07-14 08:23:38,SW-004,AutoCAD 2024,Software,0,1,301.08,566.33,PROMO10,0.1
PED-1314,179,2025-07-15 10:32:03,LIC-004,Licença Backup Acronis,Licenças,0,1,116.99,200.2,OFF20,0.2
PED-1315,194,2025-07-15 11:17:45,AC-004,Webcam Full HD,Acessórios,207,1,77.78,96.0,,0.0
PED-1316,80,2025-07-15 19:47:56,SW-004,AutoCAD 2024,Software,0,3,384.4,778.32,OFF20,0.2
PED-1317,110,2025-07-15 22:47:25,AC-006,Mousepad XL Gamer,Acessórios,454,2,48.07,74.3,,0.0
PED-1318,40,2025-07-16 06:17:24,AC-001,Mouse Wireless Ergonômico,Acessórios,266,1,37.52,122.49,,0.0
PED-1319,46,2025-07-17 12:15:48,AC-007,Cabo HDMI 2.1 3m,Acessórios,221,3,54.69,74.16,OFF20,0.2
PED-1320,40,2025-07-17 23:11:54,LIC-002,Licença VPN NordVPN,Licenças,0,2,89.48,171.29,,0.0
PED-1321,43,2025-07-18 00:23:15,HW-005,Processador Ryzen 7,Hardware,2020,1,810.43,2415.28,,0.0
PED-1322,120,2025-07-19 05:59:23,AC-005,Hub USB-C 7 Portas,Acessórios,260,2,67.7,119.81,,0.0
PED-1323,137,2025-07-19 14:41:22,LIC-003,Licença Cloud 1TB,Licenças,0,1,100.9,150.82,,0.0
PED-1324,173,2025-07-19 22:21:27,AC-007,Cabo HDMI 2.1 3m,Acessórios,260,3,45.7,90.97,PROMO10,0.1
PED-1325,105,2025-07-20 06:29:52,AC-005,Hub USB-C 7 Portas,Acessórios,269,2,76.12,135.33,PROMO10,0.1
PED-1326,49,2025-07-20 21:59:08,HW-002,Notebook Gamer i7,Hardware,2489,1,2319.36,4356.67,,0.0
PED-1327,41,2025-07-20 23:52:18,AC-003,Headset Gamer 7.1,Acessórios,479,2,74.42,108.77,,0.0
PED-1328,1,2025-07-21 01:45:31,HW-002,Notebook Gamer i7,Hardware,2448,2,2981.45,4056.15,OFF20,0.2
PED-1329,33,2025-07-21 17:45:59,HW-004,SSD NVMe 1TB,Hardware,2049,1,286.7,551.45,,0.0
PED-1330,127,2025-07-22 00:33:39,HW-006,Fonte 750W Modular,Hardware,2810,3,303.29,987.5,,0.0
PED-1331,96,2025-07-22 03:56:40,AC-003,Headset Gamer 7.1,Acessórios,313,2,126.27,209.86,,0.0
PED-1332,117,2025-07-22 07:06:10,LIC-003,Licença Cloud 1TB,Licenças,0,1,83.35,129.19,,0.0
PED-1333,180,2025-07-23 00:32:05,AC-003,Headset Gamer 7.1,Acessórios,448,1,85.67,234.03,OFF20,0.2
PED-1334,83,2025-07-23 02:15:00,LIC-002,Licença VPN NordVPN,Licenças,0,1,58.34,78.89,PROMO10,0.1
PED-1335,112,2025-07-23 02:37:15,HW-006,Fonte 750W Modular,Hardware,3032,3,429.35,894.31,,0.0
PED-1336,21,2025-07-23 08:05:59,AC-005,Hub USB-C 7 Portas,Acessórios,247,3,66.3,112.48,,0.0
PED-1337,146,2025-07-23 08:07:41,HW-005,Processador Ryzen 7,Hardware,2056,3,1323.35,1563.42,,0.0
PED-1338,180,2025-07-23 19:28:18,AC-005,Hub USB-C 7 Portas,Acessórios,232,1,46.93,91.38,OFF20,0.2
PED-1339,47,2025-07-23 20:21:30,HW-005,Processador Ryzen 7,Hardware,2008,2,886.09,2085.59,,0.0
PED-1340,127,2025-07-23 22:38:02,AC-001,Mouse Wireless Ergonômico,Acessórios,228,2,70.7,132.97,,0.0
PED-1341,20,2025-07-24 13:50:52,AC-005,Hub USB-C 7 Portas,Acessórios,235,1,57.62,75.07,,0.0
PED-1342,16,2025-07-24 18:03:06,HW-004,SSD NVMe 1TB,Hardware,2092,3,266.36,562.71,PROMO10,0.1
PED-1343,19,2025-07-24 18:31:38,AC-001,Mouse Wireless Ergonômico,Acessórios,266,1,44.98,147.6,OFF20,0.2
PED-1344,43,2025-07-25 10:25:35,HW-005,Processador Ryzen 7,Hardware,2019,1,1247.64,1566.5,PROMO10,0.1
PED-1345,98,2025-07-25 17:03:34,AC-006,Mousepad XL Gamer,Acessórios,521,1,27.43,41.13,,0.0
PED-1346,68,2025-07-25 23:56:29,SW-003,Adobe Creative Cloud,Software,0,2,364.28,747.07,OFF20,0.2
PED-1347,24,2025-07-26 20:15:38,AC-005,Hub USB-C 7 Portas,Acessórios,239,1,41.64,120.34,OFF20,0.2
PED-1348,106,2025-07-26 21:54:34,SW-002,Microsoft Office 365,Software,0,1,312.54,513.93,,0.0
PED-1349,13,2025-07-27 02:17:07,AC-005,Hub USB-C 7 Portas,Acessórios,294,2,36.95,94.33,PROMO10,0.1
PED-1350,147,2025-07-27 03:51:22,SW-004,AutoCAD 2024,Software,0,2,495.95,602.96,PROMO10,0.1
PED-1351,57,2025-07-27 05:50:48,AC-005,Hub USB-C 7 Portas,Acessórios,263,1,34.49,105.12,,0.0
PED-1352,181,2025-07-27 21:46:28,LIC-001,Licença Antivírus Kaspersky,Licenças,0,2,22.86,144.74,OFF20,0.2
PED-1353,149,2025-07-28 05:48:33,LIC-002,Licença VPN NordVPN,Licenças,0,2,52.15,155.23,,0.0
PED-1354,120,2025-07-28 10:52:17,AC-003,Headset Gamer 7.1,Acessórios,316,1,138.8,249.72,,0.0
PED-1355,66,2025-07-29 06:01:43,AC-005,Hub USB-C 7 Portas,Acessórios,286,1,50.02,148.67,,0.0
PED-1356,104,2025-07-29 12:15:28,HW-006,Fonte 750W Modular,Hardware,2985,2,424.86,856.8,OFF20,0.2
PED-1357,181,2025-07-29 19:53:03,AC-003,Headset Gamer 7.1,Acessórios,301,1,66.19,261.04,OFF20,0.2
PED-1358,65,2025-07-30 00:16:07,HW-007,Placa-Mãe B550,Hardware,2668,3,862.83,1143.94,,0.0
PED-1359,63,2025-07-30 02:12:54,HW-005,Processador Ryzen 7,Hardware,2071,1,949.53,2484.43,OFF20,0.2
PED-1360,49,2025-07-30 04:49:28,AC-002,Teclado Mecânico RGB,Acessórios,643,1,98.23,154.76,OFF20,0.2
PED-1361,113,2025-07-30 04:51:39,SW-003,Adobe Creative Cloud,Software,0,3,442.06,613.8,PROMO10,0.1
PED-1362,112,2025-07-30 08:17:11,AC-003,Headset Gamer 7.1,Acessórios,412,3,145.46,241.79,OFF20,0.2
PED-1363,182,2025-07-30 10:05:45,LIC-001,Licença Antivírus Kaspersky,Licenças,0,1,24.68,128.39,,0.0
PED-1364,182,2025-07-30 14:51:51,AC-007,Cabo HDMI 2.1 3m,Acessórios,243,3,55.67,113.06,,0.0
PED-1365,167,2025-07-30 19:01:40,HW-005,Processador Ryzen 7,Hardware,2095,2,1055.51,1234.06,OFF20,0.2
PED-1366,179,2025-07-31 04:07:05,HW-005,Processador Ryzen 7,Hardware,2165,2,1370.03,1720.37,,0.0
PED-1367,135,2025-07-31 14:46:41,AC-001,Mouse Wireless Ergonômico,Acessórios,310,3,42.52,106.4,,0.0
PED-1368,65,2025-07-31 19:26:01,AC-004,Webcam Full HD,Acessórios,349,1,62.04,201.28,OFF20,0.2
PED-1369,64,2025-08-01 02:32:52,AC-004,Webcam Full HD,Acessórios,284,3,47.3,116.89,PROMO10,0.1
PED-1370,46,2025-08-01 19:57:30,SW-004,AutoCAD 2024,Software,0,3,363.02,579.33,,0.0
PED-1371,139,2025-08-02 03:23:33,LIC-002,Licença VPN NordVPN,Licenças,0,2,71.26,96.88,OFF20,0.2
PED-1372,1,2025-08-02 12:41:43,SW-002,Microsoft Office 365,Software,0,3,194.02,516.12,PROMO10,0.1
PED-1373,115,2025-08-03 08:55:02,AC-005,Hub USB-C 7 Portas,Acessórios,225,2,69.07,134.37,,0.0
PED-1374,119,2025-08-03 09:22:48,AC-004,Webcam Full HD,Acessórios,290,1,90.51,215.79,,0.0
PED-1375,63,2025-08-04 11:37:17,HW-004,SSD NVMe 1TB,Hardware,2046,2,392.45,666.51,OFF20,0.2
PED-1376,197,2025-08-04 21:05:59,LIC-002,Licença VPN NordVPN,Licenças,0,3,52.58,141.9,PROMO10,0.1
PED-1377,92,2025-08-05 05:53:58,LIC-002,Licença VPN NordVPN,Licenças,0,1,37.32,124.15,,0.0
PED-1378,192,2025-08-05 16:21:27,LIC-004,Licença Backup Acronis,Licenças,0,1,263.44,372.44,,0.0
PED-1379,103,2025-08-06 03:21:28,HW-003,Placa de Vídeo RTX 4060,Hardware,2665,2,2016.49,2445.39,,0.0
PED-1380,66,2025-08-07 14:39:16,SW-001,Windows 11 Pro,Software,0,2,220.01,749.15,PROMO10,0.1
PED-1381,178,2025-08-07 19:48:46,AC-002,Teclado Mecânico RGB,Acessórios,664,3,149.74,280.8,,0.0
PED-1382,100,2025-08-07 20:06:35,AC-002,Teclado Mecânico RGB,Acessórios,727,2,162.64,314.11,,0.0
PED-1383,6,2025-08-08 05:01:01,AC-003,Headset Gamer 7.1,Acessórios,410,1,96.89,230.07,PROMO10,0.1
PED-1384,77,2025-08-08 06:55:28,HW-008,Gabinete Gamer RGB,Hardware,4167,3,486.34,827.85,,0.0
PED-1385,5,2025-08-08 13:49:54,SW-001,Windows 11 Pro,Software,0,1,377.34,601.86,,0.0
PED-1386,2,2025-08-08 16:49:38,HW-004,SSD NVMe 1TB,Hardware,2077,2,233.86,576.47,,0.0
PED-1387,119,2025-08-08 21:59:43,HW-005,Processador Ryzen 7,Hardware,2089,3,847.73,2373.19,,0.0
PED-1388,143,2025-08-09 06:08:51,HW-008,Gabinete Gamer RGB,Hardware,4164,1,342.87,654.62,,0.0
PED-1389,154,2025-08-09 08:03:22,AC-004,Webcam Full HD,Acessórios,265,1,97.03,147.61,OFF20,0.2
PED-1390,33,2025-08-09 16:41:28,AC-001,Mouse Wireless Ergonômico,Acessórios,284,1,39.14,81.43,OFF20,0.2
PED-1391,167,2025-08-09 17:53:46,SW-002,Microsoft Office 365,Software,0,1,190.71,469.68,,0.0
PED-1392,110,2025-08-10 06:53:07,HW-005,Processador Ryzen 7,Hardware,2066,2,807.31,1814.25,,0.0
PED-1393,169,2025-08-10 12:02:04,AC-005,Hub USB-C 7 Portas,Acessórios,240,3,44.57,51.5,PROMO10,0.1
PED-1394,168,2025-08-10 16:32:42,HW-005,Processador Ryzen 7,Hardware,2083,1,1145.94,2412.82,,0.0
PED-1395,14,2025-08-10 17:18:55,HW-005,Processador Ryzen 7,Hardware,2076,2,1448.88,1785.87,OFF20,0.2
PED-1396,49,2025-08-10 22:56:17,HW-003,Placa de Vídeo RTX 4060,Hardware,2587,1,1738.38,2761.18,,0.0
PED-1397,13,2025-08-11 00:10:08,HW-008,Gabinete Gamer RGB,Hardware,4535,3,418.02,867.42,,0.0
PED-1398,71,2025-08-11 01:30:25,HW-003,Placa de Vídeo RTX 4060,Hardware,2024,3,1585.53,2983.64,,0.0
PED-1399,146,2025-08-11 01:53:37,HW-001,Monitor 24pol IPS,Hardware,4860,3,901.81,1458.19,,0.0
PED-1400,141,2025-08-11 03:51:57,LIC-004,Licença Backup Acronis,Licenças,0,3,84.68,400.73,,0.0
PED-1401,79,2025-08-11 13:10:49,LIC-004,Licença Backup Acronis,Licenças,0,2,133.95,245.79,,0.0
PED-1402,60,2025-08-11 14:41:01,AC-006,Mousepad XL Gamer,Acessórios,594,3,46.32,80.02,,0.0
PED-1403,85,2025-08-12 01:13:34,AC-001,Mouse Wireless Ergonômico,Acessórios,302,2,72.79,114.11,OFF20,0.2
PED-1404,138,2025-08-12 06:54:47,HW-006,Fonte 750W Modular,Hardware,2754,2,418.14,908.37,,0.0
PED-1405,167,2025-08-12 07:25:49,AC-003,Headset Gamer 7.1,Acessórios,437,1,87.11,230.58,,0.0
PED-1406,149,2025-08-12 10:01:18,HW-004,SSD NVMe 1TB,Hardware,2043,2,332.34,678.03,,0.0
PED-1407,15,2025-08-12 11:48:19,SW-002,Microsoft Office 365,Software,0,2,179.78,543.21,OFF20,0.2
PED-1408,122,2025-08-12 14:34:19,AC-005,Hub USB-C 7 Portas,Acessórios,244,1,56.34,93.21,,0.0
PED-1409,147,2025-08-12 18:15:41,HW-008,Gabinete Gamer RGB,Hardware,4807,1,348.48,617.59,,0.0
PED-1410,187,2025-08-12 23:50:47,HW-008,Gabinete Gamer RGB,Hardware,4249,2,287.42,621.2,PROMO10,0.1
PED-1411,82,2025-08-13 01:39:00,HW-001,Monitor 24pol IPS,Hardware,4152,2,1005.82,1776.64,,0.0
PED-1412,29,2025-08-13 04:41:14,AC-004,Webcam Full HD,Acessórios,322,3,61.2,177.48,,0.0
PED-1413,26,2025-08-14 05:46:07,AC-007,Cabo HDMI 2.1 3m,Acessórios,245,1,59.26,111.9,PROMO10,0.1
PED-1414,11,2025-08-15 05:51:01,AC-005,Hub USB-C 7 Portas,Acessórios,234,3,33.46,137.39,PROMO10,0.1
PED-1415,195,2025-08-16 04:09:08,LIC-003,Licença Cloud 1TB,Licenças,0,3,70.14,234.01,OFF20,0.2
PED-1416,9,2025-08-16 22:20:53,AC-001,Mouse Wireless Ergonômico,Acessórios,301,3,41.56,142.1,PROMO10,0.1
PED-1417,157,2025-08-17 10:34:24,HW-008,Gabinete Gamer RGB,Hardware,4416,3,482.52,871.57,,0.0
PED-1418,37,2025-08-17 22:45:03,AC-004,Webcam Full HD,Acessórios,223,2,86.63,150.24,,0.0
PED-1419,96,2025-08-18 00:25:38,HW-008,Gabinete Gamer RGB,Hardware,4071,2,399.88,773.22,,0.0
PED-1420,8,2025-08-18 04:58:04,HW-007,Placa-Mãe B550,Hardware,2610,3,782.29,1064.88,OFF20,0.2
PED-1421,144,2025-08-18 13:16:44,SW-001,Windows 11 Pro,Software,0,3,379.59,749.85,,0.0
PED-1422,3,2025-08-18 18:28:18,SW-003,Adobe Creative Cloud,Software,0,3,315.89,676.38,,0.0
PED-1423,144,2025-08-18 19:22:54,LIC-002,Licença VPN NordVPN,Licenças,0,3,37.46,175.31,,0.0
PED-1424,62,2025-08-18 22:01:19,HW-001,Monitor 24pol IPS,Hardware,4605,3,692.01,1224.05,,0.0
PED-1425,54,2025-08-19 12:34:39,AC-005,Hub USB-C 7 Portas,Acessórios,259,3,53.87,71.47,,0.0
PED-1426,103,2025-08-19 17:27:54,HW-006,Fonte 750W Modular,Hardware,2860,2,318.37,817.12,,0.0
PED-1427,49,2025-08-19 23:49:40,AC-001,Mouse Wireless Ergonômico,Acessórios,292,2,52.95,63.96,,0.0
PED-1428,200,2025-08-20 06:14:23,HW-006,Fonte 750W Modular,Hardware,3007,3,584.51,776.2,,0.0
PED-1429,38,2025-08-20 11:37:00,AC-001,Mouse Wireless Ergonômico,Acessórios,230,2,54.38,78.5,,0.0
PED-1430,141,2025-08-20 22:08:31,SW-002,Microsoft Office 365,Software,0,3,216.14,314.14,,0.0
PED-1431,153,2025-08-21 06:40:54,AC-004,Webcam Full HD,Acessórios,294,3,41.2,166.44,PROMO10,0.1
PED-1432,128,2025-08-22 03:26:57,AC-002,Teclado Mecânico RGB,Acessórios,685,2,81.91,203.64,,0.0
PED-1433,134,2025-08-22 15:03:22,HW-001,Monitor 24pol IPS,Hardware,3503,1,937.74,1234.29,,0.0
PED-1434,143,2025-08-22 23:29:50,LIC-002,Licença VPN NordVPN,Licenças,0,3,69.78,143.2,,0.0
PED-1435,83,2025-08-23 02:34:28,HW-007,Placa-Mãe B550,Hardware,2051,1,670.69,906.66,,0.0
PED-1436,118,2025-08-23 09:32:03,HW-008,Gabinete Gamer RGB,Hardware,4567,3,434.27,556.86,,0.0
PED-1437,54,2025-08-23 10:11:48,HW-008,Gabinete Gamer RGB,Hardware,4828,2,203.09,368.02,OFF20,0.2
PED-1438,40,2025-08-23 14:29:00,HW-002,Notebook Gamer i7,Hardware,2870,2,2590.99,4111.34,,0.0
PED-1439,30,2025-08-23 16:30:09,HW-006,Fonte 750W Modular,Hardware,3116,3,524.41,951.11,,0.0
PED-1440,183,2025-08-23 16:50:08,AC-002,Teclado Mecânico RGB,Acessórios,633,2,155.22,220.83,,0.0
PED-1441,195,2025-08-24 01:06:15,HW-002,Notebook Gamer i7,Hardware,2451,2,2014.02,4142.21,OFF20,0.2
PED-1442,126,2025-08-24 13:30:49,LIC-001,Licença Antivírus Kaspersky,Licenças,0,2,76.5,145.29,,0.0
PED-1443,145,2025-08-24 16:58:57,HW-008,Gabinete Gamer RGB,Hardware,4122,3,292.96,735.71,,0.0
PED-1444,167,2025-08-24 17:20:39,SW-003,Adobe Creative Cloud,Software,0,2,206.2,598.3,PROMO10,0.1
PED-1445,118,2025-08-24 20:58:55,AC-005,Hub USB-C 7 Portas,Acessórios,226,3,30.26,65.21,PROMO10,0.1
PED-1446,50,2025-08-25 16:07:27,LIC-001,Licença Antivírus Kaspersky,Licenças,0,1,25.45,103.94,,0.0
PED-1447,113,2025-08-25 16:45:32,AC-004,Webcam Full HD,Acessórios,253,2,90.27,106.56,OFF20,0.2
PED-1448,129,2025-08-26 04:00:37,HW-004,SSD NVMe 1TB,Hardware,2095,1,361.16,645.53,,0.0
PED-1449,20,2025-08-26 08:46:09,AC-004,Webcam Full HD,Acessórios,316,2,60.55,163.97,OFF20,0.2
PED-1450,97,2025-08-26 13:52:31,LIC-004,Licença Backup Acronis,Licenças,0,3,191.72,432.0,,0.0
PED-1451,69,2025-08-26 17:27:56,AC-005,Hub USB-C 7 Portas,Acessórios,203,3,39.88,137.22,,0.0
PED-1452,101,2025-08-27 20:50:51,HW-008,Gabinete Gamer RGB,Hardware,4832,2,387.14,591.39,,0.0
PED-1453,139,2025-08-28 00:37:55,LIC-001,Licença Antivírus Kaspersky,Licenças,0,3,35.36,75.18,,0.0
PED-1454,185,2025-08-28 01:38:21,SW-002,Microsoft Office 365,Software,0,3,237.18,375.82,,0.0
PED-1455,166,2025-08-28 02:02:22,AC-007,Cabo HDMI 2.1 3m,Acessórios,280,3,44.15,85.67,PROMO10,0.1
PED-1456,117,2025-08-28 05:49:21,AC-001,Mouse Wireless Ergonômico,Acessórios,290,3,45.48,131.63,OFF20,0.2
PED-1457,135,2025-08-28 11:07:51,HW-006,Fonte 750W Modular,Hardware,3336,3,345.69,643.45,,0.0
PED-1458,27,2025-08-29 07:17:35,HW-001,Monitor 24pol IPS,Hardware,4774,2,933.2,1964.44,,0.0
PED-1459,178,2025-08-29 19:28:38,AC-001,Mouse Wireless Ergonômico,Acessórios,222,3,49.01,85.55,,0.0
PED-1460,140,2025-08-30 02:12:11,AC-006,Mousepad XL Gamer,Acessórios,398,2,38.91,69.89,OFF20,0.2
PED-1461,63,2025-08-30 10:37:55,LIC-002,Licença VPN NordVPN,Licenças,0,1,77.52,109.7,,0.0
PED-1462,135,2025-08-30 13:01:10,HW-003,Placa de Vídeo RTX 4060,Hardware,2735,3,2381.44,3892.08,,0.0
PED-1463,130,2025-08-30 19:05:57,LIC-004,Licença Backup Acronis,Licenças,0,1,237.37,362.05,OFF20,0.2
PED-1464,169,2025-08-30 23:18:36,HW-002,Notebook Gamer i7,Hardware,2454,1,2209.41,4077.95,PROMO10,0.1
PED-1465,45,2025-08-31 18:55:48,AC-003,Headset Gamer 7.1,Acessórios,356,1,102.78,244.65,,0.0
PED-1466,97,2025-08-31 21:17:25,HW-002,Notebook Gamer i7,Hardware,2310,3,2340.36,4013.81,,0.0
PED-1467,16,2025-09-01 11:06:17,AC-002,Teclado Mecânico RGB,Acessórios,636,1,187.6,250.74,,0.0
PED-1468,192,2025-09-02 08:07:11,AC-003,Headset Gamer 7.1,Acessórios,498,3,67.69,161.89,,0.0
PED-1469,127,2025-09-02 10:56:37,LIC-002,Licença VPN NordVPN,Licenças,0,3,42.87,129.54,PROMO10,0.1
PED-1470,55,2025-09-02 16:33:25,SW-004,AutoCAD 2024,Software,0,3,492.22,674.46,,0.0
PED-1471,74,2025-09-02 19:03:14,HW-007,Placa-Mãe B550,Hardware,2693,1,564.04,888.6,PROMO10,0.1
PED-1472,80,2025-09-03 04:33:07,LIC-003,Licença Cloud 1TB,Licenças,0,2,95.32,113.18,,0.0
PED-1473,192,2025-09-03 09:16:57,HW-001,Monitor 24pol IPS,Hardware,4848,1,400.51,1477.42,PROMO10,0.1
PED-1474,19,2025-09-03 09:42:25,HW-001,Monitor 24pol IPS,Hardware,3565,2,443.37,1133.81,PROMO10,0.1
PED-1475,158,2025-09-03 11:23:26,AC-002,Teclado Mecânico RGB,Acessórios,742,1,186.9,336.3,,0.0
PED-1476,62,2025-09-03 22:49:03,SW-003,Adobe Creative Cloud,Software,0,2,379.2,557.78,PROMO10,0.1
PED-1477,131,2025-09-04 00:10:44,AC-006,Mousepad XL Gamer,Acessórios,343,3,34.24,57.77,OFF20,0.2
PED-1478,153,2025-09-04 09:05:07,SW-004,AutoCAD 2024,Software,0,3,374.28,721.16,,0.0
PED-1479,35,2025-09-04 13:36:40,HW-007,Placa-Mãe B550,Hardware,2752,3,675.31,1093.75,OFF20,0.2
PED-1480,7,2025-09-04 23:40:05,AC-004,Webcam Full HD,Acessórios,302,1,75.75,179.35,,0.0
PED-1481,138,2025-09-05 01:25:37,AC-005,Hub USB-C 7 Portas,Acessórios,297,2,43.15,98.83,,0.0
PED-1482,130,2025-09-05 02:50:58,HW-002,Notebook Gamer i7,Hardware,2490,3,2365.63,4969.45,PROMO10,0.1
PED-1483,4,2025-09-05 10:23:44,AC-007,Cabo HDMI 2.1 3m,Acessórios,229,3,23.45,57.13,PROMO10,0.1
PED-1484,141,2025-09-07 17:52:04,LIC-003,Licença Cloud 1TB,Licenças,0,1,58.51,152.15,,0.0
PED-1485,12,2025-09-07 18:05:00,AC-002,Teclado Mecânico RGB,Acessórios,773,2,177.86,294.54,PROMO10,0.1
PED-1486,112,2025-09-08 16:38:41,AC-007,Cabo HDMI 2.1 3m,Acessórios,286,2,32.0,84.95,,0.0
PED-1487,117,2025-09-08 16:48:07,AC-001,Mouse Wireless Ergonômico,Acessórios,296,1,64.01,85.01,,0.0
PED-1488,118,2025-09-08 20:15:14,HW-005,Processador Ryzen 7,Hardware,2063,2,1203.48,2184.51,,0.0
PED-1489,31,2025-09-09 02:15:59,AC-001,Mouse Wireless Ergonômico,Acessórios,217,3,32.99,82.7,,0.0
PED-1490,26,2025-09-09 05:21:56,SW-003,Adobe Creative Cloud,Software,0,1,217.39,511.02,,0.0
PED-1491,114,2025-09-09 07:45:41,SW-004,AutoCAD 2024,Software,0,2,318.96,682.2,,0.0
PED-1492,179,2025-09-09 13:27:52,LIC-004,Licença Backup Acronis,Licenças,0,3,196.61,493.85,,0.0
PED-1493,185,2025-09-10 05:47:39,HW-003,Placa de Vídeo RTX 4060,Hardware,2127,3,1948.27,2954.62,OFF20,0.2
PED-1494,146,2025-09-10 11:17:41,HW-008,Gabinete Gamer RGB,Hardware,4256,1,313.79,446.95,,0.0
PED-1495,190,2025-09-10 11:58:25,AC-007,Cabo HDMI 2.1 3m,Acessórios,257,1,49.31,84.61,OFF20,0.2
PED-1496,193,2025-09-10 12:14:58,AC-007,Cabo HDMI 2.1 3m,Acessórios,295,1,39.9,86.39,,0.0
PED-1497,20,2025-09-11 05:22:43,AC-007,Cabo HDMI 2.1 3m,Acessórios,210,3,20.59,61.98,PROMO10,0.1
PED-1498,9,2025-09-11 18:31:05,AC-006,Mousepad XL Gamer,Acessórios,583,1,18.73,37.06,PROMO10,0.1
PED-1499,176,2025-09-12 04:56:50,HW-004,SSD NVMe 1TB,Hardware,2099,3,355.67,684.32,,0.0
PED-1500,106,2025-09-12 07:16:27,HW-005,Processador Ryzen 7,Hardware,2063,1,903.51,1900.89,,0.0
PED-1501,46,2025-09-12 12:32:52,AC-001,Mouse Wireless Ergonômico,Acessórios,267,1,75.81,120.14,,0.0
PED-1502,5,2025-09-13 13:25:12,SW-003,Adobe Creative Cloud,Software,0,3,361.26,535.03,PROMO10,0.1
PED-1503,141,2025-09-13 13:49:21,HW-003,Placa de Vídeo RTX 4060,Hardware,2510,2,2009.52,3531.42,,0.0
PED-1504,68,2025-09-13 20:24:49,HW-003,Placa de Vídeo RTX 4060,Hardware,2164,2,2205.25,3305.91,,0.0
PED-1505,106,2025-09-13 21:30:17,AC-004,Webcam Full HD,Acessórios,220,2,68.9,84.97,,0.0
PED-1506,120,2025-09-14 04:02:57,HW-002,Notebook Gamer i7,Hardware,2875,1,2288.94,3511.23,,0.0
PED-1507,135,2025-09-14 22:09:20,HW-008,Gabinete Gamer RGB,Hardware,4829,2,214.69,437.7,,0.0
PED-1508,123,2025-09-15 09:55:23,AC-005,Hub USB-C 7 Portas,Acessórios,297,3,65.38,89.87,,0.0
PED-1509,6,2025-09-15 10:10:15,HW-001,Monitor 24pol IPS,Hardware,4046,1,549.24,1503.73,,0.0
PED-1510,83,2025-09-15 11:06:19,HW-004,SSD NVMe 1TB,Hardware,2066,1,286.72,636.22,,0.0
PED-1511,146,2025-09-15 14:29:32,LIC-004,Licença Backup Acronis,Licenças,0,3,73.31,99.46,,0.0
PED-1512,188,2025-09-15 18:03:36,SW-001,Windows 11 Pro,Software,0,1,338.85,450.76,,0.0
PED-1513,107,2025-09-15 20:10:10,LIC-001,Licença Antivírus Kaspersky,Licenças,0,1,50.61,59.99,,0.0
PED-1514,81,2025-09-15 23:01:01,AC-002,Teclado Mecânico RGB,Acessórios,635,1,96.23,312.41,PROMO10,0.1
PED-1515,57,2025-09-16 00:36:22,AC-001,Mouse Wireless Ergonômico,Acessórios,235,1,46.82,72.0,,0.0
PED-1516,88,2025-09-16 03:29:56,SW-004,AutoCAD 2024,Software,0,1,482.09,591.33,,0.0
PED-1517,84,2025-09-16 04:42:06,HW-002,Notebook Gamer i7,Hardware,2680,1,2155.43,4804.41,,0.0
PED-1518,34,2025-09-16 06:57:44,HW-004,SSD NVMe 1TB,Hardware,2084,2,297.06,372.83,OFF20,0.2
PED-1519,117,2025-09-16 09:05:38,SW-001,Windows 11 Pro,Software,0,3,420.3,508.63,,0.0
PED-1520,28,2025-09-16 15:21:57,HW-004,SSD NVMe 1TB,Hardware,2085,2,296.63,529.09,PROMO10,0.1
PED-1521,8,2025-09-16 18:12:15,HW-004,SSD NVMe 1TB,Hardware,2093,2,366.02,567.17,,0.0
PED-1522,62,2025-09-16 21:13:06,SW-001,Windows 11 Pro,Software,0,1,251.55,738.95,OFF20,0.2
PED-1523,147,2025-09-16 22:43:17,HW-005,Processador Ryzen 7,Hardware,2157,2,1348.22,1835.6,,0.0
PED-1524,94,2025-09-17 02:13:20,AC-004,Webcam Full HD,Acessórios,294,3,49.39,154.94,,0.0
PED-1525,81,2025-09-17 08:59:44,HW-004,SSD NVMe 1TB,Hardware,2029,1,380.83,608.23,,0.0
PED-1526,180,2025-09-17 19:53:37,LIC-004,Licença Backup Acronis,Licenças,0,3,58.19,209.27,PROMO10,0.1
PED-1527,83,2025-09-18 01:22:36,HW-006,Fonte 750W Modular,Hardware,2798,1,399.32,594.58,,0.0
PED-1528,121,2025-09-19 07:59:11,HW-002,Notebook Gamer i7,Hardware,2564,3,2284.52,4575.25,,0.0
PED-1529,59,2025-09-19 12:13:25,HW-001,Monitor 24pol IPS,Hardware,4655,1,821.48,1108.61,OFF20,0.2
PED-1530,43,2025-09-21 05:25:27,HW-007,Placa-Mãe B550,Hardware,2015,3,753.99,1246.41,,0.0
PED-1531,126,2025-09-21 11:13:08,HW-004,SSD NVMe 1TB,Hardware,2075,3,382.35,614.81,,0.0
PED-1532,23,2025-09-21 11:50:00,SW-004,AutoCAD 2024,Software,0,2,434.82,787.4,,0.0
PED-1533,100,2025-09-22 01:00:05,AC-004,Webcam Full HD,Acessórios,230,3,46.06,112.63,PROMO10,0.1
PED-1534,101,2025-09-22 01:32:12,AC-001,Mouse Wireless Ergonômico,Acessórios,349,2,38.96,130.68,OFF20,0.2
PED-1535,148,2025-09-23 23:02:45,HW-002,Notebook Gamer i7,Hardware,2287,3,2923.08,3875.72,,0.0
PED-1536,158,2025-09-24 07:05:28,LIC-004,Licença Backup Acronis,Licenças,0,1,66.74,208.92,,0.0
PED-1537,200,2025-09-24 18:51:32,LIC-001,Licença Antivírus Kaspersky,Licenças,0,2,38.74,94.08,,0.0
PED-1538,135,2025-09-25 01:43:36,HW-002,Notebook Gamer i7,Hardware,2842,2,2596.91,4194.8,,0.0
PED-1539,92,2025-09-25 12:32:57,SW-002,Microsoft Office 365,Software,0,1,298.96,347.29,PROMO10,0.1
PED-1540,106,2025-09-26 12:25:02,SW-003,Adobe Creative Cloud,Software,0,3,221.47,626.95,OFF20,0.2
PED-1541,54,2025-09-27 12:07:52,HW-007,Placa-Mãe B550,Hardware,2639,3,621.18,1478.67,,0.0
PED-1542,146,2025-09-27 14:20:24,SW-002,Microsoft Office 365,Software,0,3,154.67,583.09,,0.0
PED-1543,6,2025-09-27 15:08:18,AC-007,Cabo HDMI 2.1 3m,Acessórios,249,2,57.05,111.37,OFF20,0.2
PED-1544,170,2025-09-28 18:47:07,AC-002,Teclado Mecânico RGB,Acessórios,758,2,105.91,174.35,,0.0
PED-1545,84,2025-09-28 21:04:39,HW-004,SSD NVMe 1TB,Hardware,2086,3,218.72,541.79,OFF20,0.2
PED-1546,66,2025-09-29 07:19:40,LIC-001,Licença Antivírus Kaspersky,Licenças,0,3,42.22,121.74,OFF20,0.2
PED-1547,40,2025-09-29 11:05:03,AC-005,Hub USB-C 7 Portas,Acessórios,216,1,54.55,91.95,,0.0
PED-1548,145,2025-09-29 22:08:57,HW-003,Placa de Vídeo RTX 4060,Hardware,2166,2,1602.59,3258.89,PROMO10,0.1
PED-1549,100,2025-09-30 12:21:40,HW-008,Gabinete Gamer RGB,Hardware,4318,2,297.27,480.02,,0.0
PED-1550,58,2025-10-01 02:17:50,HW-004,SSD NVMe 1TB,Hardware,2038,1,305.9,600.73,,0.0
PED-1551,172,2025-10-01 04:57:18,SW-002,Microsoft Office 365,Software,0,3,239.87,589.78,,0.0
PED-1552,127,2025-10-01 13:47:14,HW-001,Monitor 24pol IPS,Hardware,3858,2,920.44,1159.23,,0.0
PED-1553,149,2025-10-01 22:56:20,HW-002,Notebook Gamer i7,Hardware,2404,2,2915.28,4104.63,PROMO10,0.1
PED-1554,195,2025-10-01 23:27:24,AC-007,Cabo HDMI 2.1 3m,Acessórios,230,2,39.18,46.1,,0.0
PED-1555,156,2025-10-02 18:56:16,AC-004,Webcam Full HD,Acessórios,328,3,57.07,181.85,,0.0
PED-1556,135,2025-10-03 06:02:24,AC-006,Mousepad XL Gamer,Acessórios,447,3,31.02,37.83,,0.0
PED-1557,77,2025-10-03 07:00:34,HW-003,Placa de Vídeo RTX 4060,Hardware,2354,3,1872.58,2271.58,PROMO10,0.1
PED-1558,61,2025-10-04 00:51:59,SW-002,Microsoft Office 365,Software,0,2,215.92,588.3,,0.0
PED-1559,42,2025-10-04 16:15:04,AC-007,Cabo HDMI 2.1 3m,Acessórios,289,1,29.18,106.95,,0.0
PED-1560,61,2025-10-05 13:42:21,LIC-003,Licença Cloud 1TB,Licenças,0,3,62.21,108.12,,0.0
PED-1561,145,2025-10-06 10:00:49,LIC-003,Licença Cloud 1TB,Licenças,0,3,68.43,144.37,OFF20,0.2
PED-1562,133,2025-10-06 11:13:14,SW-001,Windows 11 Pro,Software,0,3,320.27,370.24,PROMO10,0.1
PED-1563,114,2025-10-06 12:31:51,SW-002,Microsoft Office 365,Software,0,1,228.93,304.93,,0.0
PED-1564,31,2025-10-06 16:18:32,SW-001,Windows 11 Pro,Software,0,2,387.77,607.66,OFF20,0.2
PED-1565,52,2025-10-07 15:27:01,LIC-002,Licença VPN NordVPN,Licenças,0,2,66.51,188.61,,0.0
PED-1566,118,2025-10-07 20:38:08,AC-001,Mouse Wireless Ergonômico,Acessórios,204,3,53.52,146.11,,0.0
PED-1567,5,2025-10-07 23:36:07,HW-006,Fonte 750W Modular,Hardware,3001,3,391.09,581.29,PROMO10,0.1
PED-1568,65,2025-10-08 03:19:26,SW-003,Adobe Creative Cloud,Software,0,2,380.56,722.73,PROMO10,0.1
PED-1569,140,2025-10-08 05:20:30,LIC-001,Licença Antivírus Kaspersky,Licenças,0,1,28.28,147.09,PROMO10,0.1
PED-1570,27,2025-10-09 15:25:54,HW-003,Placa de Vídeo RTX 4060,Hardware,2005,1,1706.38,3652.88,,0.0
PED-1571,62,2025-10-09 17:52:25,SW-003,Adobe Creative Cloud,Software,0,2,307.94,621.84,PROMO10,0.1
PED-1572,102,2025-10-10 01:25:45,LIC-002,Licença VPN NordVPN,Licenças,0,1,46.67,81.54,,0.0
PED-1573,167,2025-10-10 05:33:26,LIC-002,Licença VPN NordVPN,Licenças,0,2,55.72,181.84,,0.0
PED-1574,37,2025-10-11 02:38:21,HW-004,SSD NVMe 1TB,Hardware,2085,2,262.13,515.02,,0.0
PED-1575,49,2025-10-11 13:40:58,AC-007,Cabo HDMI 2.1 3m,Acessórios,247,2,27.46,84.85,OFF20,0.2
PED-1576,164,2025-10-12 08:44:35,HW-007,Placa-Mãe B550,Hardware,2017,1,461.14,1136.54,,0.0
PED-1577,87,2025-10-12 18:16:03,HW-005,Processador Ryzen 7,Hardware,2004,1,957.23,2280.79,,0.0
PED-1578,193,2025-10-13 00:45:17,LIC-004,Licença Backup Acronis,Licenças,0,1,215.79,271.53,,0.0
PED-1579,168,2025-10-13 04:23:15,SW-003,Adobe Creative Cloud,Software,0,1,410.17,624.34,OFF20,0.2
PED-1580,108,2025-10-14 01:42:34,AC-006,Mousepad XL Gamer,Acessórios,598,2,47.5,64.52,PROMO10,0.1
PED-1581,135,2025-10-14 03:25:35,AC-003,Headset Gamer 7.1,Acessórios,336,2,118.84,198.47,,0.0
PED-1582,85,2025-10-14 07:26:56,HW-006,Fonte 750W Modular,Hardware,2669,2,569.67,969.87,,0.0
PED-1583,130,2025-10-14 08:16:47,HW-004,SSD NVMe 1TB,Hardware,2089,1,399.97,614.88,,0.0
PED-1584,110,2025-10-14 09:06:40,SW-002,Microsoft Office 365,Software,0,1,278.96,339.9,OFF20,0.2
PED-1585,72,2025-10-14 11:34:11,AC-005,Hub USB-C 7 Portas,Acessórios,220,2,32.62,133.64,,0.0
PED-1586,34,2025-10-14 18:08:12,SW-003,Adobe Creative Cloud,Software,0,2,392.78,745.38,,0.0
PED-1587,37,2025-10-14 23:28:05,SW-004,AutoCAD 2024,Software,0,3,411.9,657.03,,0.0
PED-1588,23,2025-10-15 08:52:09,LIC-002,Licença VPN NordVPN,Licenças,0,1,94.56,135.11,,0.0
PED-1589,120,2025-10-15 18:30:57,HW-007,Placa-Mãe B550,Hardware,2116,3,601.11,1026.28,,0.0
PED-1590,89,2025-10-16 05:10:04,AC-003,Headset Gamer 7.1,Acessórios,486,2,62.78,213.95,,0.0
PED-1591,4,2025-10-16 20:58:51,LIC-002,Licença VPN NordVPN,Licenças,0,1,53.55,99.96,OFF20,0.2
PED-1592,57,2025-10-17 01:11:59,LIC-001,Licença Antivírus Kaspersky,Licenças,0,1,60.73,98.6,OFF20,0.2
PED-1593,161,2025-10-17 02:09:28,HW-003,Placa de Vídeo RTX 4060,Hardware,2691,3,2398.22,3423.17,OFF20,0.2
PED-1594,148,2025-10-18 21:54:40,AC-002,Teclado Mecânico RGB,Acessórios,764,2,82.28,336.54,,0.0
PED-1595,126,2025-10-20 03:43:07,HW-001,Monitor 24pol IPS,Hardware,4847,1,1162.91,1977.69,,0.0
PED-1596,147,2025-10-20 08:09:24,HW-003,Placa de Vídeo RTX 4060,Hardware,2570,3,2381.95,3566.75,PROMO10,0.1
PED-1597,195,2025-10-20 11:19:30,SW-001,Windows 11 Pro,Software,0,3,474.04,747.99,PROMO10,0.1
PED-1598,58,2025-10-20 23:05:02,HW-007,Placa-Mãe B550,Hardware,2171,1,506.86,925.0,OFF20,0.2
PED-1599,52,2025-10-21 09:56:44,SW-004,AutoCAD 2024,Software,0,3,468.64,625.37,OFF20,0.2
PED-1600,70,2025-10-22 00:23:36,AC-005,Hub USB-C 7 Portas,Acessórios,298,3,32.63,127.33,,0.0
PED-1601,108,2025-10-22 03:53:28,HW-001,Monitor 24pol IPS,Hardware,4019,1,596.68,933.32,,0.0
PED-1602,125,2025-10-23 02:16:02,HW-008,Gabinete Gamer RGB,Hardware,4530,3,404.95,579.17,OFF20,0.2
PED-1603,111,2025-10-23 14:37:47,SW-004,AutoCAD 2024,Software,0,1,327.05,757.05,,0.0
PED-1604,63,2025-10-24 09:16:18,AC-001,Mouse Wireless Ergonômico,Acessórios,254,2,33.86,66.25,,0.0
PED-1605,83,2025-10-24 20:38:07,AC-007,Cabo HDMI 2.1 3m,Acessórios,231,2,47.44,63.81,,0.0
PED-1606,22,2025-10-25 05:52:26,HW-005,Processador Ryzen 7,Hardware,2101,2,1446.75,2354.1,,0.0
PED-1607,21,2025-10-25 14:03:41,HW-005,Processador Ryzen 7,Hardware,2048,2,962.14,2330.61,,0.0
PED-1608,184,2025-10-25 14:57:40,AC-006,Mousepad XL Gamer,Acessórios,591,1,42.49,54.86,PROMO10,0.1
PED-1609,118,2025-10-25 15:19:40,HW-003,Placa de Vídeo RTX 4060,Hardware,2114,1,2212.64,3269.04,OFF20,0.2
PED-1610,107,2025-10-25 19:32:03,AC-007,Cabo HDMI 2.1 3m,Acessórios,276,1,20.42,81.71,OFF20,0.2
PED-1611,99,2025-10-26 09:31:52,AC-006,Mousepad XL Gamer,Acessórios,337,3,34.99,97.9,,0.0
PED-1612,123,2025-10-26 10:08:53,HW-002,Notebook Gamer i7,Hardware,2236,3,2574.73,4446.86,,0.0
PED-1613,99,2025-10-26 12:41:40,SW-001,Windows 11 Pro,Software,0,1,476.1,600.04,,0.0
PED-1614,161,2025-10-26 12:46:38,HW-006,Fonte 750W Modular,Hardware,3438,3,383.25,835.7,,0.0
PED-1615,75,2025-10-26 18:44:27,HW-004,SSD NVMe 1TB,Hardware,2055,1,370.77,500.29,PROMO10,0.1
PED-1616,136,2025-10-27 05:55:12,HW-001,Monitor 24pol IPS,Hardware,4374,1,615.99,1091.21,,0.0
PED-1617,1,2025-10-27 10:41:05,AC-003,Headset Gamer 7.1,Acessórios,375,2,80.73,268.57,,0.0
PED-1618,85,2025-10-27 15:54:05,HW-004,SSD NVMe 1TB,Hardware,2074,3,231.77,351.85,,0.0
PED-1619,22,2025-10-28 00:04:51,HW-003,Placa de Vídeo RTX 4060,Hardware,2790,3,2080.51,3370.04,PROMO10,0.1
PED-1620,82,2025-10-28 03:30:09,AC-002,Teclado Mecânico RGB,Acessórios,722,1,174.44,267.9,,0.0
PED-1621,200,2025-10-28 06:22:55,HW-007,Placa-Mãe B550,Hardware,2499,3,673.6,887.94,,0.0
PED-1622,11,2025-10-29 13:30:03,AC-007,Cabo HDMI 2.1 3m,Acessórios,293,1,42.64,83.56,OFF20,0.2
PED-1623,131,2025-10-29 22:52:15,AC-001,Mouse Wireless Ergonômico,Acessórios,258,1,45.27,148.65,,0.0
PED-1624,14,2025-10-31 07:34:44,HW-003,Placa de Vídeo RTX 4060,Hardware,2664,1,2307.81,3491.73,,0.0
PED-1625,172,2025-10-31 17:15:58,HW-006,Fonte 750W Modular,Hardware,3266,3,337.35,510.53,,0.0
PED-1626,140,2025-11-01 01:46:02,AC-005,Hub USB-C 7 Portas,Acessórios,262,2,75.86,114.21,PROMO10,0.1
PED-1627,92,2025-11-01 02:57:48,HW-008,Gabinete Gamer RGB,Hardware,4231,2,355.1,480.36,OFF20,0.2
PED-1628,169,2025-11-01 09:10:31,HW-008,Gabinete Gamer RGB,Hardware,4090,3,349.35,406.54,,0.0
PED-1629,89,2025-11-02 14:23:49,HW-001,Monitor 24pol IPS,Hardware,4550,1,1026.95,1534.61,OFF20,0.2
PED-1630,3,2025-11-02 19:35:10,AC-002,Teclado Mecânico RGB,Acessórios,602,2,138.9,182.17,,0.0
PED-1631,17,2025-11-02 20:39:24,SW-003,Adobe Creative Cloud,Software,0,2,183.42,355.91,,0.0
PED-1632,73,2025-11-02 21:43:00,SW-001,Windows 11 Pro,Software,0,3,258.31,739.03,PROMO10,0.1
PED-1633,176,2025-11-02 22:02:41,HW-006,Fonte 750W Modular,Hardware,3228,1,314.12,598.61,,0.0
PED-1634,164,2025-11-03 09:05:09,AC-006,Mousepad XL Gamer,Acessórios,405,1,17.78,81.85,,0.0
PED-1635,36,2025-11-03 10:37:11,AC-001,Mouse Wireless Ergonômico,Acessórios,249,1,60.83,107.71,,0.0
PED-1636,63,2025-11-03 13:34:54,HW-002,Notebook Gamer i7,Hardware,2756,3,2992.7,4398.94,,0.0
PED-1637,22,2025-11-03 15:10:57,HW-002,Notebook Gamer i7,Hardware,2512,2,2617.14,4778.85,,0.0
PED-1638,61,2025-11-04 04:13:33,AC-007,Cabo HDMI 2.1 3m,Acessórios,293,3,59.03,115.59,PROMO10,0.1
PED-1639,20,2025-11-04 14:35:53,SW-003,Adobe Creative Cloud,Software,0,3,386.77,626.18,,0.0
PED-1640,165,2025-11-04 20:50:24,LIC-001,Licença Antivírus Kaspersky,Licenças,0,1,41.93,83.37,OFF20,0.2
PED-1641,148,2025-11-06 15:18:40,LIC-002,Licença VPN NordVPN,Licenças,0,1,90.0,143.82,PROMO10,0.1
PED-1642,40,2025-11-08 12:08:15,HW-008,Gabinete Gamer RGB,Hardware,4087,3,467.76,582.14,,0.0
PED-1643,49,2025-11-08 14:24:02,HW-003,Placa de Vídeo RTX 4060,Hardware,2458,2,1870.52,3189.15,OFF20,0.2
PED-1644,182,2025-11-08 15:31:39,HW-002,Notebook Gamer i7,Hardware,2217,3,2410.74,3529.37,PROMO10,0.1
PED-1645,106,2025-11-09 10:16:23,HW-007,Placa-Mãe B550,Hardware,2697,3,773.54,1238.31,,0.0
PED-1646,95,2025-11-09 14:35:38,AC-007,Cabo HDMI 2.1 3m,Acessórios,292,2,31.26,117.87,,0.0
PED-1647,98,2025-11-09 17:32:00,HW-003,Placa de Vídeo RTX 4060,Hardware,2095,3,1711.4,2736.94,,0.0
PED-1648,124,2025-11-09 21:25:30,AC-001,Mouse Wireless Ergonômico,Acessórios,296,1,69.33,105.48,OFF20,0.2
PED-1649,123,2025-11-09 23:16:01,AC-001,Mouse Wireless Ergonômico,Acessórios,207,1,74.33,106.24,,0.0
PED-1650,50,2025-11-10 07:12:38,HW-001,Monitor 24pol IPS,Hardware,4951,3,709.93,1415.7,,0.0
PED-1651,98,2025-11-10 12:42:28,HW-005,Processador Ryzen 7,Hardware,2049,3,904.87,2484.48,,0.0
PED-1652,111,2025-11-10 14:02:48,HW-003,Placa de Vídeo RTX 4060,Hardware,2156,3,1870.26,3031.28,PROMO10,0.1
PED-1653,86,2025-11-10 14:30:08,AC-006,Mousepad XL Gamer,Acessórios,542,3,18.37,87.29,PROMO10,0.1
PED-1654,24,2025-11-10 14:33:14,AC-004,Webcam Full HD,Acessórios,333,2,55.58,72.05,,0.0
PED-1655,1,2025-11-10 15:02:36,AC-003,Headset Gamer 7.1,Acessórios,464,2,104.39,162.85,OFF20,0.2
PED-1656,169,2025-11-10 20:43:50,AC-001,Mouse Wireless Ergonômico,Acessórios,216,2,52.0,83.72,,0.0
PED-1657,2,2025-11-11 22:59:55,LIC-002,Licença VPN NordVPN,Licenças,0,1,56.25,131.67,,0.0
PED-1658,122,2025-11-12 06:10:52,HW-008,Gabinete Gamer RGB,Hardware,4828,3,230.92,379.87,OFF20,0.2
PED-1659,155,2025-11-13 08:05:52,AC-005,Hub USB-C 7 Portas,Acessórios,298,1,67.15,84.89,,0.0
PED-1660,142,2025-11-14 19:25:55,AC-003,Headset Gamer 7.1,Acessórios,489,3,127.19,222.43,,0.0
PED-1661,108,2025-11-15 08:19:29,HW-006,Fonte 750W Modular,Hardware,2872,2,503.69,954.43,PROMO10,0.1
PED-1662,106,2025-11-15 09:10:26,HW-008,Gabinete Gamer RGB,Hardware,4091,2,457.22,563.64,OFF20,0.2
PED-1663,128,2025-11-15 11:05:57,HW-002,Notebook Gamer i7,Hardware,2227,1,2554.94,4562.58,,0.0
PED-1664,135,2025-11-15 13:34:05,LIC-004,Licença Backup Acronis,Licenças,0,1,71.85,138.99,OFF20,0.2
PED-1665,116,2025-11-15 23:53:48,HW-006,Fonte 750W Modular,Hardware,3332,3,486.94,895.33,,0.0
PED-1666,140,2025-11-17 06:23:02,AC-005,Hub USB-C 7 Portas,Acessórios,272,3,47.67,115.52,,0.0
PED-1667,151,2025-11-17 08:18:34,LIC-001,Licença Antivírus Kaspersky,Licenças,0,2,68.23,122.57,OFF20,0.2
PED-1668,134,2025-11-17 11:10:59,AC-002,Teclado Mecânico RGB,Acessórios,685,1,168.61,293.83,,0.0
PED-1669,40,2025-11-17 15:46:50,LIC-001,Licença Antivírus Kaspersky,Licenças,0,3,29.63,141.36,,0.0
PED-1670,145,2025-11-17 23:24:50,AC-001,Mouse Wireless Ergonômico,Acessórios,269,3,46.59,131.66,,0.0
PED-1671,8,2025-11-18 21:24:50,HW-001,Monitor 24pol IPS,Hardware,3703,2,839.26,1591.35,,0.0
PED-1672,154,2025-11-19 01:36:48,HW-001,Monitor 24pol IPS,Hardware,4130,2,899.21,1813.51,OFF20,0.2
PED-1673,61,2025-11-19 17:14:33,AC-004,Webcam Full HD,Acessórios,300,2,58.22,202.93,,0.0
PED-1674,104,2025-11-20 00:49:12,HW-007,Placa-Mãe B550,Hardware,2222,1,589.2,934.61,,0.0
PED-1675,9,2025-11-20 16:09:14,HW-005,Processador Ryzen 7,Hardware,2123,1,1196.26,2077.3,,0.0
PED-1676,195,2025-11-21 02:54:13,AC-003,Headset Gamer 7.1,Acessórios,468,2,92.03,147.26,PROMO10,0.1
PED-1677,95,2025-11-22 09:36:08,AC-005,Hub USB-C 7 Portas,Acessórios,286,1,65.3,111.35,PROMO10,0.1
PED-1678,125,2025-11-22 14:10:44,LIC-003,Licença Cloud 1TB,Licenças,0,2,72.34,240.85,,0.0
PED-1679,18,2025-11-22 19:26:42,AC-002,Teclado Mecânico RGB,Acessórios,632,1,91.3,275.31,,0.0
PED-1680,41,2025-11-23 09:59:15,AC-001,Mouse Wireless Ergonômico,Acessórios,219,2,64.69,80.93,,0.0
PED-1681,90,2025-11-24 03:15:38,LIC-004,Licença Backup Acronis,Licenças,0,3,268.43,327.52,,0.0
PED-1682,148,2025-11-24 05:59:37,HW-003,Placa de Vídeo RTX 4060,Hardware,2260,2,1878.86,3975.53,,0.0
PED-1683,11,2025-11-24 15:57:51,AC-005,Hub USB-C 7 Portas,Acessórios,265,1,57.34,70.34,,0.0
PED-1684,10,2025-11-24 17:16:12,HW-001,Monitor 24pol IPS,Hardware,4965,2,936.36,1379.55,,0.0
PED-1685,54,2025-11-25 10:11:11,HW-005,Processador Ryzen 7,Hardware,2075,1,1165.06,2067.44,,0.0
PED-1686,29,2025-11-25 11:19:25,SW-004,AutoCAD 2024,Software,0,2,442.51,662.02,,0.0
PED-1687,173,2025-11-26 22:35:31,LIC-004,Licença Backup Acronis,Licenças,0,3,111.89,322.04,OFF20,0.2
PED-1688,157,2025-11-27 10:12:39,HW-001,Monitor 24pol IPS,Hardware,4689,3,802.61,1586.23,,0.0
PED-1689,135,2025-11-27 11:13:38,LIC-002,Licença VPN NordVPN,Licenças,0,3,52.25,192.92,,0.0
PED-1690,179,2025-11-27 23:54:04,HW-006,Fonte 750W Modular,Hardware,2567,1,572.79,762.61,,0.0
PED-1691,139,2025-11-28 05:07:22,HW-002,Notebook Gamer i7,Hardware,2634,1,2316.11,3592.29,,0.0
PED-1692,199,2025-11-28 05:42:05,HW-006,Fonte 750W Modular,Hardware,3362,2,403.35,603.42,,0.0
PED-1693,98,2025-11-28 17:17:49,LIC-004,Licença Backup Acronis,Licenças,0,1,250.23,394.97,,0.0
PED-1694,80,2025-11-29 16:03:48,HW-007,Placa-Mãe B550,Hardware,2585,2,890.35,1120.44,PROMO10,0.1
PED-1695,31,2025-11-29 19:39:50,HW-006,Fonte 750W Modular,Hardware,2670,1,510.9,915.29,PROMO10,0.1
PED-1696,68,2025-11-30 06:33:58,AC-006,Mousepad XL Gamer,Acessórios,301,1,26.81,33.19,,0.0
PED-1697,55,2025-11-30 18:51:29,LIC-004,Licença Backup Acronis,Licenças,0,1,88.5,178.54,,0.0
PED-1698,176,2025-11-30 19:15:05,HW-007,Placa-Mãe B550,Hardware,2703,3,825.54,1408.93,OFF20,0.2
PED-1699,130,2025-11-30 22:36:22,HW-001,Monitor 24pol IPS,Hardware,3947,1,756.67,1875.62,,0.0
PED-1700,67,2025-12-01 00:41:46,HW-003,Placa de Vídeo RTX 4060,Hardware,2616,1,1756.48,2316.87,,0.0
PED-1701,116,2025-12-01 05:36:36,LIC-003,Licença Cloud 1TB,Licenças,0,3,53.57,230.86,PROMO10,0.1
PED-1702,116,2025-12-01 18:34:52,SW-004,AutoCAD 2024,Software,0,2,456.0,592.04,OFF20,0.2
PED-1703,10,2025-12-02 08:44:02,AC-004,Webcam Full HD,Acessórios,323,2,93.74,160.48,OFF20,0.2
PED-1704,6,2025-12-02 17:17:43,HW-005,Processador Ryzen 7,Hardware,2162,3,1486.06,2184.65,,0.0
PED-1705,17,2025-12-02 18:20:15,HW-002,Notebook Gamer i7,Hardware,2243,1,2095.29,3402.33,,0.0
PED-1706,23,2025-12-02 20:52:38,LIC-003,Licença Cloud 1TB,Licenças,0,3,50.33,66.54,,0.0
PED-1707,137,2025-12-03 03:26:06,HW-007,Placa-Mãe B550,Hardware,2339,1,829.19,1232.8,,0.0
PED-1708,81,2025-12-03 04:50:20,HW-007,Placa-Mãe B550,Hardware,2529,1,878.91,1472.79,,0.0
PED-1709,109,2025-12-03 21:37:57,AC-007,Cabo HDMI 2.1 3m,Acessórios,245,2,57.02,84.02,,0.0
PED-1710,65,2025-12-04 19:14:58,AC-002,Teclado Mecânico RGB,Acessórios,703,3,186.98,225.97,,0.0
PED-1711,26,2025-12-05 05:51:16,SW-001,Windows 11 Pro,Software,0,2,391.62,732.05,,0.0
PED-1712,10,2025-12-05 06:59:14,SW-001,Windows 11 Pro,Software,0,3,346.4,675.15,PROMO10,0.1
PED-1713,162,2025-12-07 01:55:49,HW-004,SSD NVMe 1TB,Hardware,2061,1,358.04,637.87,,0.0
PED-1714,94,2025-12-07 13:24:23,SW-003,Adobe Creative Cloud,Software,0,3,354.35,586.91,PROMO10,0.1
PED-1715,90,2025-12-07 14:02:45,HW-002,Notebook Gamer i7,Hardware,2988,2,2669.18,3530.79,OFF20,0.2
PED-1716,78,2025-12-08 14:26:54,AC-007,Cabo HDMI 2.1 3m,Acessórios,217,2,20.18,82.89,PROMO10,0.1
PED-1717,62,2025-12-08 22:24:09,LIC-004,Licença Backup Acronis,Licenças,0,3,74.5,98.7,,0.0
PED-1718,129,2025-12-09 02:11:49,SW-004,AutoCAD 2024,Software,0,2,336.61,704.78,OFF20,0.2
PED-1719,127,2025-12-09 23:41:15,SW-001,Windows 11 Pro,Software,0,1,395.46,633.38,,0.0
PED-1720,116,2025-12-10 07:01:44,AC-005,Hub USB-C 7 Portas,Acessórios,300,1,47.23,125.91,,0.0
PED-1721,149,2025-12-10 09:19:07,AC-002,Teclado Mecânico RGB,Acessórios,602,1,148.59,335.7,OFF20,0.2
PED-1722,44,2025-12-10 23:38:36,HW-002,Notebook Gamer i7,Hardware,2229,1,2789.38,4607.99,,0.0
PED-1723,36,2025-12-11 04:48:05,AC-005,Hub USB-C 7 Portas,Acessórios,298,3,44.91,144.18,,0.0
PED-1724,138,2025-12-12 06:40:18,SW-004,AutoCAD 2024,Software,0,2,342.71,634.16,,0.0
PED-1725,26,2025-12-13 10:35:54,HW-001,Monitor 24pol IPS,Hardware,4926,2,912.97,1967.56,,0.0
PED-1726,111,2025-12-13 19:29:38,AC-006,Mousepad XL Gamer,Acessórios,351,2,15.11,63.66,,0.0
PED-1727,153,2025-12-13 22:12:40,HW-008,Gabinete Gamer RGB,Hardware,4717,3,265.45,690.26,OFF20,0.2
PED-1728,61,2025-12-14 04:14:06,LIC-004,Licença Backup Acronis,Licenças,0,1,52.25,200.4,,0.0
PED-1729,168,2025-12-14 08:51:03,AC-006,Mousepad XL Gamer,Acessórios,593,3,29.02,75.72,,0.0
PED-1730,188,2025-12-14 08:56:00,AC-006,Mousepad XL Gamer,Acessórios,582,2,23.08,91.7,OFF20,0.2
PED-1731,42,2025-12-14 09:38:42,AC-003,Headset Gamer 7.1,Acessórios,484,3,149.7,182.62,OFF20,0.2
PED-1732,17,2025-12-15 08:21:13,AC-003,Headset Gamer 7.1,Acessórios,383,2,132.42,158.1,,0.0
PED-1733,106,2025-12-16 00:22:13,HW-008,Gabinete Gamer RGB,Hardware,4903,3,346.57,475.45,,0.0
PED-1734,78,2025-12-16 05:54:45,AC-005,Hub USB-C 7 Portas,Acessórios,279,1,46.1,70.84,,0.0
PED-1735,9,2025-12-16 08:44:16,LIC-002,Licença VPN NordVPN,Licenças,0,1,53.51,152.15,OFF20,0.2
PED-1736,54,2025-12-17 10:33:05,SW-001,Windows 11 Pro,Software,0,1,449.3,727.02,,0.0
PED-1737,15,2025-12-17 10:35:11,SW-003,Adobe Creative Cloud,Software,0,3,443.17,736.87,,0.0
PED-1738,190,2025-12-17 22:09:39,AC-001,Mouse Wireless Ergonômico,Acessórios,333,3,52.66,127.49,,0.0
PED-1739,40,2025-12-18 01:21:45,AC-006,Mousepad XL Gamer,Acessórios,337,2,30.88,47.41,PROMO10,0.1
PED-1740,114,2025-12-18 06:06:28,HW-003,Placa de Vídeo RTX 4060,Hardware,2160,2,1636.5,3971.22,,0.0
PED-1741,174,2025-12-18 15:32:27,AC-003,Headset Gamer 7.1,Acessórios,364,3,69.25,166.22,,0.0
PED-1742,143,2025-12-18 19:32:50,AC-006,Mousepad XL Gamer,Acessórios,306,1,39.25,66.07,,0.0
PED-1743,24,2025-12-18 20:19:08,AC-005,Hub USB-C 7 Portas,Acessórios,292,3,56.12,128.81,,0.0
PED-1744,128,2025-12-19 02:20:07,AC-001,Mouse Wireless Ergonômico,Acessórios,200,3,70.62,108.83,,0.0
PED-1745,73,2025-12-19 02:48:37,SW-004,AutoCAD 2024,Software,0,2,432.67,744.44,,0.0
PED-1746,152,2025-12-19 09:20:10,HW-007,Placa-Mãe B550,Hardware,2114,1,711.86,891.34,PROMO10,0.1
PED-1747,147,2025-12-19 20:01:49,AC-006,Mousepad XL Gamer,Acessórios,336,2,17.19,68.7,,0.0
PED-1748,3,2025-12-19 21:32:32,HW-007,Placa-Mãe B550,Hardware,2317,2,406.64,1108.45,,0.0
PED-1749,5,2025-12-19 23:40:39,SW-002,Microsoft Office 365,Software,0,3,182.0,398.37,,0.0
PED-1750,175,2025-12-20 23:06:52,LIC-002,Licença VPN NordVPN,Licenças,0,2,99.59,199.21,,0.0
PED-1751,199,2025-12-21 07:17:27,LIC-003,Licença Cloud 1TB,Licenças,0,2,33.18,66.6,,0.0
PED-1752,169,2025-12-21 17:24:23,AC-003,Headset Gamer 7.1,Acessórios,318,2,68.82,134.65,,0.0
PED-1753,127,2025-12-21 21:17:58,HW-002,Notebook Gamer i7,Hardware,2724,2,2375.88,4658.83,PROMO10,0.1
PED-1754,120,2025-12-22 07:28:54,AC-001,Mouse Wireless Ergonômico,Acessórios,229,2,75.65,139.41,PROMO10,0.1
PED-1755,16,2025-12-22 15:14:46,AC-007,Cabo HDMI 2.1 3m,Acessórios,261,2,28.92,85.85,OFF20,0.2
PED-1756,55,2025-12-23 04:02:44,HW-007,Placa-Mãe B550,Hardware,2134,3,798.45,1372.01,OFF20,0.2
PED-1757,2,2025-12-23 07:48:31,SW-002,Microsoft Office 365,Software,0,1,311.35,528.82,,0.0
PED-1758,56,2025-12-23 10:47:06,LIC-004,Licença Backup Acronis,Licenças,0,2,241.05,330.82,PROMO10,0.1
PED-1759,89,2025-12-23 12:19:21,AC-005,Hub USB-C 7 Portas,Acessórios,295,3,78.44,138.24,,0.0
PED-1760,122,2025-12-23 13:01:51,HW-007,Placa-Mãe B550,Hardware,2050,3,552.22,1192.06,OFF20,0.2
PED-1761,200,2025-12-23 15:48:31,SW-002,Microsoft Office 365,Software,0,3,288.79,553.47,PROMO10,0.1
PED-1762,184,2025-12-23 15:55:56,AC-004,Webcam Full HD,Acessórios,299,3,74.65,189.28,,0.0
PED-1763,86,2025-12-24 00:34:53,AC-005,Hub USB-C 7 Portas,Acessórios,256,1,59.88,79.75,,0.0
PED-1764,103,2025-12-24 01:58:40,AC-001,Mouse Wireless Ergonômico,Acessórios,204,1,58.81,147.38,PROMO10,0.1
PED-1765,69,2025-12-24 12:15:21,HW-008,Gabinete Gamer RGB,Hardware,4075,3,493.53,631.31,,0.0
PED-1766,175,2025-12-25 11:42:53,HW-001,Monitor 24pol IPS,Hardware,4577,1,1188.3,1485.23,PROMO10,0.1
PED-1767,95,2025-12-25 15:01:06,AC-002,Teclado Mecânico RGB,Acessórios,796,3,126.09,229.35,PROMO10,0.1
PED-1768,53,2025-12-26 01:32:40,LIC-004,Licença Backup Acronis,Licenças,0,3,107.25,471.32,,0.0
PED-1769,23,2025-12-26 05:29:49,LIC-004,Licença Backup Acronis,Licenças,0,1,286.78,441.02,PROMO10,0.1
PED-1770,156,2025-12-26 10:15:06,AC-002,Teclado Mecânico RGB,Acessórios,722,1,90.04,329.57,PROMO10,0.1
PED-1771,145,2025-12-27 04:41:37,AC-002,Teclado Mecânico RGB,Acessórios,760,1,122.57,279.14,PROMO10,0.1
PED-1772,170,2025-12-27 05:50:41,SW-002,Microsoft Office 365,Software,0,2,254.61,338.22,PROMO10,0.1
PED-1773,97,2025-12-28 10:56:53,LIC-001,Licença Antivírus Kaspersky,Licenças,0,3,26.11,130.13,,0.0
PED-1774,61,2025-12-28 10:58:44,HW-008,Gabinete Gamer RGB,Hardware,4023,3,325.57,494.06,,0.0
PED-1775,27,2025-12-29 13:15:36,AC-005,Hub USB-C 7 Portas,Acessórios,235,3,33.55,135.19,PROMO10,0.1
PED-1776,194,2025-12-29 19:12:05,SW-002,Microsoft Office 365,Software,0,1,306.14,454.04,,0.0
PED-1777,114,2025-12-29 19:23:33,HW-005,Processador Ryzen 7,Hardware,2138,2,1292.82,1683.04,PROMO10,0.1
PED-1778,145,2025-12-30 02:04:32,LIC-004,Licença Backup Acronis,Licenças,0,3,170.38,236.81,OFF20,0.2
PED-1779,88,2025-12-30 05:28:54,AC-003,Headset Gamer 7.1,Acessórios,338,3,79.98,121.9,PROMO10,0.1
PED-1780,105,2025-12-30 07:29:24,AC-003,Headset Gamer 7.1,Acessórios,433,3,97.3,189.25,PROMO10,0.1
PED-1781,168,2025-12-30 17:32:29,HW-001,Monitor 24pol IPS,Hardware,3921,2,694.13,872.51,,0.0
PED-1782,132,2025-12-30 23:00:18,HW-005,Processador Ryzen 7,Hardware,2174,1,991.12,2077.47,OFF20,0.2
PED-1783,117,2025-12-31 02:30:13,LIC-003,Licença Cloud 1TB,Licenças,0,2,25.84,58.0,,0.0
PED-1784,58,2025-12-31 04:14:53,HW-008,Gabinete Gamer RGB,Hardware,4289,1,427.89,606.23,PROMO10,0.1
PED-1785,185,2025-12-31 06:38:20,LIC-003,Licença Cloud 1TB,Licenças,0,1,45.19,221.43,OFF20,0.2
PED-1786,24,2025-12-31 07:59:09,HW-005,Processador Ryzen 7,Hardware,2046,3,977.14,1930.07,,0.0
PED-1787,74,2025-12-31 11:10:47,HW-007,Placa-Mãe B550,Hardware,2574,1,598.67,1200.66,,0.0
PED-1788,163,2025-12-31 14:46:57,AC-004,Webcam Full HD,Acessórios,339,2,114.54,202.39,PROMO10,0.1
PED-1789,104,2025-12-31 15:45:30,LIC-004,Licença Backup Acronis,Licenças,0,1,96.39,479.59,PROMO10,0.1
PED-1790,60,2026-01-01 13:02:26,LIC-003,Licença Cloud 1TB,Licenças,0,1,84.85,104.3,,0.0
PED-1791,189,2026-01-01 15:31:40,HW-003,Placa de Vídeo RTX 4060,Hardware,2623,3,1949.37,2385.4,,0.0
PED-1792,148,2026-01-01 22:18:00,SW-003,Adobe Creative Cloud,Software,0,3,345.7,573.6,PROMO10,0.1
PED-1793,149,2026-01-02 10:49:03,AC-002,Teclado Mecânico RGB,Acessórios,763,2,169.65,309.99,,0.0
PED-1794,185,2026-01-02 11:47:45,HW-002,Notebook Gamer i7,Hardware,2976,1,2002.08,3751.56,,0.0
PED-1795,130,2026-01-02 14:51:47,AC-001,Mouse Wireless Ergonômico,Acessórios,265,1,68.92,126.63,PROMO10,0.1
PED-1796,43,2026-01-02 21:57:27,AC-004,Webcam Full HD,Acessórios,282,3,43.92,206.44,,0.0
PED-1797,68,2026-01-03 00:00:36,HW-007,Placa-Mãe B550,Hardware,2428,2,505.14,756.16,,0.0
PED-1798,74,2026-01-03 12:32:36,HW-008,Gabinete Gamer RGB,Hardware,4656,2,379.69,585.28,,0.0
PED-1799,39,2026-01-03 20:02:03,AC-002,Teclado Mecânico RGB,Acessórios,792,1,81.2,151.45,OFF20,0.2
PED-1800,181,2026-01-03 22:14:55,AC-006,Mousepad XL Gamer,Acessórios,489,3,26.87,67.11,PROMO10,0.1
PED-1801,198,2026-01-03 23:13:41,AC-001,Mouse Wireless Ergonômico,Acessórios,223,2,58.59,101.63,PROMO10,0.1
PED-1802,86,2026-01-04 00:06:30,HW-003,Placa de Vídeo RTX 4060,Hardware,2219,3,1531.27,3434.66,,0.0
PED-1803,186,2026-01-05 07:17:11,AC-002,Teclado Mecânico RGB,Acessórios,645,2,140.41,220.22,PROMO10,0.1
PED-1804,133,2026-01-06 03:02:23,HW-003,Placa de Vídeo RTX 4060,Hardware,2126,2,2406.92,3513.48,,0.0
PED-1805,60,2026-01-07 14:39:10,LIC-003,Licença Cloud 1TB,Licenças,0,3,107.46,236.2,,0.0
PED-1806,100,2026-01-07 15:28:27,HW-003,Placa de Vídeo RTX 4060,Hardware,2531,2,1965.98,3274.62,OFF20,0.2
PED-1807,102,2026-01-08 17:13:37,LIC-003,Licença Cloud 1TB,Licenças,0,2,106.72,158.95,,0.0
PED-1808,43,2026-01-08 17:59:51,AC-007,Cabo HDMI 2.1 3m,Acessórios,250,2,30.43,41.11,,0.0
PED-1809,172,2026-01-08 21:06:39,HW-003,Placa de Vídeo RTX 4060,Hardware,2681,3,2264.93,3172.73,,0.0
PED-1810,44,2026-01-09 05:01:37,AC-003,Headset Gamer 7.1,Acessórios,451,3,100.03,134.57,,0.0
PED-1811,90,2026-01-09 20:32:18,AC-002,Teclado Mecânico RGB,Acessórios,655,3,135.04,307.62,,0.0
PED-1812,95,2026-01-09 22:51:46,HW-004,SSD NVMe 1TB,Hardware,2042,3,314.1,389.43,,0.0
PED-1813,155,2026-01-11 05:11:11,AC-003,Headset Gamer 7.1,Acessórios,326,1,126.84,257.66,,0.0
PED-1814,154,2026-01-12 04:13:09,SW-004,AutoCAD 2024,Software,0,2,328.03,685.16,,0.0
PED-1815,30,2026-01-12 08:50:59,HW-003,Placa de Vídeo RTX 4060,Hardware,2499,1,2474.11,3101.02,PROMO10,0.1
PED-1816,111,2026-01-12 21:24:48,HW-002,Notebook Gamer i7,Hardware,2808,2,2736.11,3784.6,,0.0
PED-1817,128,2026-01-12 23:50:52,SW-004,AutoCAD 2024,Software,0,2,368.98,637.24,,0.0
PED-1818,91,2026-01-13 02:25:12,HW-007,Placa-Mãe B550,Hardware,2494,3,602.37,1254.26,PROMO10,0.1
PED-1819,67,2026-01-14 05:46:49,AC-002,Teclado Mecânico RGB,Acessórios,706,1,147.8,234.98,,0.0
PED-1820,28,2026-01-14 11:05:54,SW-004,AutoCAD 2024,Software,0,2,320.54,704.15,,0.0
PED-1821,53,2026-01-14 16:04:24,HW-001,Monitor 24pol IPS,Hardware,3527,3,732.95,1468.45,,0.0
PED-1822,8,2026-01-15 01:18:42,SW-002,Microsoft Office 365,Software,0,1,217.12,491.72,,0.0
PED-1823,158,2026-01-15 01:49:21,HW-004,SSD NVMe 1TB,Hardware,2068,2,369.14,448.18,,0.0
PED-1824,90,2026-01-15 01:54:41,HW-001,Monitor 24pol IPS,Hardware,4074,2,446.87,1731.99,,0.0
PED-1825,112,2026-01-16 06:50:23,HW-004,SSD NVMe 1TB,Hardware,2019,3,361.98,477.33,,0.0
PED-1826,126,2026-01-16 17:23:34,AC-003,Headset Gamer 7.1,Acessórios,363,1,109.91,205.08,,0.0
PED-1827,22,2026-01-16 18:28:31,HW-006,Fonte 750W Modular,Hardware,2824,2,512.73,736.28,OFF20,0.2
PED-1828,199,2026-01-17 05:42:56,AC-004,Webcam Full HD,Acessórios,332,2,71.73,187.01,,0.0
PED-1829,77,2026-01-17 06:45:34,AC-007,Cabo HDMI 2.1 3m,Acessórios,226,3,49.24,100.18,,0.0
PED-1830,194,2026-01-17 09:51:56,AC-001,Mouse Wireless Ergonômico,Acessórios,243,3,45.81,73.4,PROMO10,0.1
PED-1831,28,2026-01-19 04:02:10,AC-007,Cabo HDMI 2.1 3m,Acessórios,260,1,26.14,115.38,,0.0
PED-1832,52,2026-01-19 17:14:02,SW-003,Adobe Creative Cloud,Software,0,1,347.7,431.67,,0.0
PED-1833,170,2026-01-19 20:37:18,AC-002,Teclado Mecânico RGB,Acessórios,616,3,132.9,298.3,,0.0
PED-1834,108,2026-01-20 01:25:42,AC-007,Cabo HDMI 2.1 3m,Acessórios,300,1,24.27,57.58,,0.0
PED-1835,50,2026-01-20 07:51:46,HW-006,Fonte 750W Modular,Hardware,2707,1,331.84,714.7,,0.0
PED-1836,22,2026-01-20 23:29:47,HW-003,Placa de Vídeo RTX 4060,Hardware,2290,1,1656.55,3880.9,,0.0
PED-1837,171,2026-01-21 18:09:45,HW-008,Gabinete Gamer RGB,Hardware,4355,2,420.51,658.94,,0.0
PED-1838,175,2026-01-21 23:21:25,LIC-004,Licença Backup Acronis,Licenças,0,3,269.29,346.09,,0.0
PED-1839,33,2026-01-22 01:43:02,HW-008,Gabinete Gamer RGB,Hardware,4717,3,262.34,384.84,,0.0
PED-1840,143,2026-01-22 06:30:15,HW-007,Placa-Mãe B550,Hardware,2379,3,460.2,724.18,,0.0
PED-1841,78,2026-01-22 14:39:23,AC-007,Cabo HDMI 2.1 3m,Acessórios,222,3,46.35,94.96,,0.0
PED-1842,30,2026-01-22 22:08:14,HW-002,Notebook Gamer i7,Hardware,2379,3,2609.82,4263.25,,0.0
PED-1843,61,2026-01-23 01:18:05,AC-007,Cabo HDMI 2.1 3m,Acessórios,288,1,34.54,110.59,,0.0
PED-1844,12,2026-01-23 08:57:32,LIC-001,Licença Antivírus Kaspersky,Licenças,0,1,40.64,54.2,,0.0
PED-1845,114,2026-01-23 14:49:26,SW-002,Microsoft Office 365,Software,0,2,164.53,464.64,OFF20,0.2
PED-1846,182,2026-01-23 18:38:54,AC-006,Mousepad XL Gamer,Acessórios,394,2,33.76,69.55,PROMO10,0.1
PED-1847,156,2026-01-24 00:22:55,SW-004,AutoCAD 2024,Software,0,1,341.83,616.11,,0.0
PED-1848,137,2026-01-24 04:27:05,HW-001,Monitor 24pol IPS,Hardware,3834,3,671.71,1533.2,,0.0
PED-1849,154,2026-01-25 08:36:27,SW-004,AutoCAD 2024,Software,0,1,399.68,641.17,PROMO10,0.1
PED-1850,58,2026-01-25 09:24:28,AC-001,Mouse Wireless Ergonômico,Acessórios,285,3,49.77,138.81,,0.0
PED-1851,97,2026-01-25 12:27:54,HW-002,Notebook Gamer i7,Hardware,2257,1,2329.63,4137.9,PROMO10,0.1
PED-1852,49,2026-01-26 05:41:50,HW-004,SSD NVMe 1TB,Hardware,2063,2,210.2,378.81,PROMO10,0.1
PED-1853,197,2026-01-26 12:07:01,AC-004,Webcam Full HD,Acessórios,329,1,114.63,217.32,,0.0
PED-1854,57,2026-01-26 19:16:08,AC-002,Teclado Mecânico RGB,Acessórios,747,1,120.85,158.73,,0.0
PED-1855,10,2026-01-28 00:01:49,AC-006,Mousepad XL Gamer,Acessórios,598,1,41.51,74.18,,0.0
PED-1856,121,2026-01-28 08:01:44,HW-001,Monitor 24pol IPS,Hardware,4796,1,774.58,1287.33,OFF20,0.2
PED-1857,169,2026-01-28 10:34:41,HW-001,Monitor 24pol IPS,Hardware,4641,1,1039.18,1817.6,PROMO10,0.1
PED-1858,62,2026-01-28 13:35:42,HW-006,Fonte 750W Modular,Hardware,3222,1,372.84,761.31,OFF20,0.2
PED-1859,130,2026-01-28 21:50:34,HW-001,Monitor 24pol IPS,Hardware,3784,2,543.66,1288.5,,0.0
PED-1860,139,2026-01-29 06:06:04,LIC-002,Licença VPN NordVPN,Licenças,0,3,43.47,195.32,,0.0
PED-1861,61,2026-01-29 09:38:52,LIC-001,Licença Antivírus Kaspersky,Licenças,0,3,68.01,111.66,,0.0
PED-1862,185,2026-01-29 16:42:51,HW-004,SSD NVMe 1TB,Hardware,2049,3,390.34,454.07,,0.0
PED-1863,40,2026-01-29 21:33:37,HW-004,SSD NVMe 1TB,Hardware,2051,1,365.17,694.02,,0.0
PED-1864,65,2026-01-30 04:14:21,HW-008,Gabinete Gamer RGB,Hardware,4385,2,442.5,522.67,,0.0
PED-1865,60,2026-01-30 15:22:40,HW-007,Placa-Mãe B550,Hardware,2384,1,553.36,769.65,OFF20,0.2
PED-1866,68,2026-01-30 20:58:44,AC-003,Headset Gamer 7.1,Acessórios,358,2,110.97,161.51,,0.0
PED-1867,48,2026-01-30 22:29:30,LIC-001,Licença Antivírus Kaspersky,Licenças,0,2,45.37,71.83,,0.0
PED-1868,93,2026-01-31 09:15:36,LIC-001,Licença Antivírus Kaspersky,Licenças,0,3,75.45,142.58,,0.0
PED-1869,28,2026-01-31 21:36:51,LIC-003,Licença Cloud 1TB,Licenças,0,2,43.08,160.97,PROMO10,0.1
PED-1870,73,2026-01-31 21:48:15,LIC-003,Licença Cloud 1TB,Licenças,0,3,26.41,221.07,,0.0
PED-1871,185,2026-02-01 03:34:45,AC-001,Mouse Wireless Ergonômico,Acessórios,282,3,59.97,116.55,,0.0
PED-1872,190,2026-02-01 04:22:55,HW-004,SSD NVMe 1TB,Hardware,2046,3,362.13,542.43,,0.0
PED-1873,143,2026-02-02 01:37:06,AC-005,Hub USB-C 7 Portas,Acessórios,225,3,46.57,74.5,OFF20,0.2
PED-1874,72,2026-02-02 04:31:16,HW-007,Placa-Mãe B550,Hardware,2483,2,896.43,1295.96,PROMO10,0.1
PED-1875,23,2026-02-02 16:40:26,HW-004,SSD NVMe 1TB,Hardware,2070,1,311.4,640.58,,0.0
PED-1876,156,2026-02-02 17:06:12,AC-003,Headset Gamer 7.1,Acessórios,317,2,111.25,204.15,PROMO10,0.1
PED-1877,171,2026-02-02 18:31:49,HW-008,Gabinete Gamer RGB,Hardware,4320,2,377.96,485.27,OFF20,0.2
PED-1878,49,2026-02-02 23:04:18,AC-007,Cabo HDMI 2.1 3m,Acessórios,232,3,45.38,96.84,,0.0
PED-1879,91,2026-02-03 01:52:35,HW-004,SSD NVMe 1TB,Hardware,2058,2,334.03,453.53,,0.0
PED-1880,20,2026-02-03 12:37:27,AC-004,Webcam Full HD,Acessórios,340,2,109.87,215.49,,0.0
PED-1881,198,2026-02-03 17:01:13,HW-001,Monitor 24pol IPS,Hardware,3682,3,905.28,1568.41,,0.0
PED-1882,141,2026-02-03 23:46:23,HW-003,Placa de Vídeo RTX 4060,Hardware,2186,1,2113.23,2825.69,,0.0
PED-1883,200,2026-02-04 01:27:46,HW-004,SSD NVMe 1TB,Hardware,2060,2,357.57,416.69,OFF20,0.2
PED-1884,175,2026-02-04 08:30:05,HW-003,Placa de Vídeo RTX 4060,Hardware,2312,1,2076.18,3879.46,OFF20,0.2
PED-1885,130,2026-02-05 05:15:20,HW-008,Gabinete Gamer RGB,Hardware,4516,2,239.13,684.39,,0.0
PED-1886,12,2026-02-05 05:41:50,HW-002,Notebook Gamer i7,Hardware,2925,3,2452.13,4632.54,OFF20,0.2
PED-1887,13,2026-02-05 07:06:47,AC-003,Headset Gamer 7.1,Acessórios,396,2,79.46,106.29,OFF20,0.2
PED-1888,85,2026-02-05 08:21:02,AC-002,Teclado Mecânico RGB,Acessórios,757,1,80.3,309.53,,0.0
PED-1889,26,2026-02-06 03:11:24,AC-007,Cabo HDMI 2.1 3m,Acessórios,265,3,38.44,55.9,,0.0
PED-1890,72,2026-02-06 18:42:40,SW-001,Windows 11 Pro,Software,0,3,441.11,721.82,PROMO10,0.1
PED-1891,146,2026-02-07 04:33:58,LIC-003,Licença Cloud 1TB,Licenças,0,1,61.73,235.92,PROMO10,0.1
PED-1892,174,2026-02-07 06:47:17,HW-003,Placa de Vídeo RTX 4060,Hardware,2204,3,2195.65,3394.19,OFF20,0.2
PED-1893,176,2026-02-07 07:53:26,LIC-001,Licença Antivírus Kaspersky,Licenças,0,1,33.86,132.75,,0.0
PED-1894,131,2026-02-08 11:36:20,HW-004,SSD NVMe 1TB,Hardware,2048,3,277.12,366.62,,0.0
PED-1895,136,2026-02-08 19:14:59,HW-004,SSD NVMe 1TB,Hardware,2081,3,214.72,365.24,,0.0
PED-1896,96,2026-02-09 23:12:12,LIC-004,Licença Backup Acronis,Licenças,0,1,297.57,408.58,OFF20,0.2
PED-1897,66,2026-02-10 19:47:02,AC-001,Mouse Wireless Ergonômico,Acessórios,257,1,66.59,90.8,,0.0
PED-1898,163,2026-02-11 06:54:49,LIC-003,Licença Cloud 1TB,Licenças,0,1,113.16,149.33,PROMO10,0.1
PED-1899,112,2026-02-11 09:38:45,HW-003,Placa de Vídeo RTX 4060,Hardware,2269,3,2101.67,3331.2,,0.0
PED-1900,115,2026-02-11 10:42:51,HW-006,Fonte 750W Modular,Hardware,3349,3,495.37,860.93,PROMO10,0.1
PED-1901,170,2026-02-12 07:11:23,LIC-001,Licença Antivírus Kaspersky,Licenças,0,2,36.2,145.54,OFF20,0.2
PED-1902,108,2026-02-13 09:28:50,SW-004,AutoCAD 2024,Software,0,3,338.86,660.81,,0.0
PED-1903,192,2026-02-13 12:50:17,AC-004,Webcam Full HD,Acessórios,338,1,105.65,155.19,,0.0
PED-1904,44,2026-02-13 21:17:54,SW-002,Microsoft Office 365,Software,0,1,198.88,573.86,OFF20,0.2
PED-1905,156,2026-02-14 15:40:29,HW-008,Gabinete Gamer RGB,Hardware,4282,1,398.54,472.16,,0.0
PED-1906,37,2026-02-15 13:07:05,SW-004,AutoCAD 2024,Software,0,3,354.7,736.55,,0.0
PED-1907,61,2026-02-15 15:31:40,AC-003,Headset Gamer 7.1,Acessórios,382,2,90.45,262.21,PROMO10,0.1
PED-1908,66,2026-02-16 19:50:57,SW-004,AutoCAD 2024,Software,0,3,386.86,660.67,OFF20,0.2
PED-1909,147,2026-02-17 02:43:44,LIC-002,Licença VPN NordVPN,Licenças,0,2,92.73,163.26,OFF20,0.2
PED-1910,138,2026-02-18 20:21:09,AC-005,Hub USB-C 7 Portas,Acessórios,233,3,37.6,82.34,OFF20,0.2
PED-1911,133,2026-02-19 04:32:24,AC-007,Cabo HDMI 2.1 3m,Acessórios,228,1,40.55,108.84,OFF20,0.2
PED-1912,164,2026-02-19 07:12:34,SW-004,AutoCAD 2024,Software,0,2,432.84,685.54,,0.0
PED-1913,171,2026-02-19 16:53:26,LIC-004,Licença Backup Acronis,Licenças,0,3,214.25,312.29,,0.0
PED-1914,161,2026-02-20 04:59:35,AC-004,Webcam Full HD,Acessórios,345,2,95.09,173.65,,0.0
PED-1915,128,2026-02-21 05:12:42,AC-006,Mousepad XL Gamer,Acessórios,410,1,22.87,53.26,OFF20,0.2
PED-1916,34,2026-02-21 05:30:00,HW-002,Notebook Gamer i7,Hardware,2944,3,2126.36,3506.97,,0.0
PED-1917,137,2026-02-21 05:34:53,AC-005,Hub USB-C 7 Portas,Acessórios,203,2,51.94,128.87,OFF20,0.2
PED-1918,31,2026-02-21 08:22:08,AC-005,Hub USB-C 7 Portas,Acessórios,207,2,29.8,59.29,PROMO10,0.1
PED-1919,55,2026-02-21 14:03:27,SW-003,Adobe Creative Cloud,Software,0,1,362.4,704.25,,0.0
PED-1920,108,2026-02-21 17:24:27,HW-003,Placa de Vídeo RTX 4060,Hardware,2446,1,1864.07,2509.22,PROMO10,0.1
PED-1921,123,2026-02-22 00:11:26,LIC-003,Licença Cloud 1TB,Licenças,0,3,102.04,133.34,,0.0
PED-1922,140,2026-02-22 07:17:47,HW-006,Fonte 750W Modular,Hardware,2695,1,587.83,727.99,PROMO10,0.1
PED-1923,71,2026-02-22 09:46:34,LIC-003,Licença Cloud 1TB,Licenças,0,3,103.19,243.38,OFF20,0.2
PED-1924,78,2026-02-22 13:43:47,AC-006,Mousepad XL Gamer,Acessórios,527,1,22.62,85.44,OFF20,0.2
PED-1925,111,2026-02-22 13:45:53,HW-003,Placa de Vídeo RTX 4060,Hardware,2748,1,1955.12,2637.74,OFF20,0.2
PED-1926,131,2026-02-23 08:43:55,AC-005,Hub USB-C 7 Portas,Acessórios,278,2,52.46,137.55,,0.0
PED-1927,26,2026-02-25 01:28:47,AC-005,Hub USB-C 7 Portas,Acessórios,268,3,34.69,69.15,PROMO10,0.1
PED-1928,27,2026-02-25 07:40:12,AC-001,Mouse Wireless Ergonômico,Acessórios,234,1,40.57,142.19,,0.0
PED-1929,188,2026-02-25 12:01:46,AC-002,Teclado Mecânico RGB,Acessórios,639,3,194.34,271.61,OFF20,0.2
PED-1930,171,2026-02-26 05:15:10,HW-001,Monitor 24pol IPS,Hardware,4940,3,755.99,1297.64,PROMO10,0.1
PED-1931,89,2026-02-26 10:37:28,SW-001,Windows 11 Pro,Software,0,1,407.36,574.27,,0.0
PED-1932,67,2026-02-26 19:43:25,LIC-004,Licença Backup Acronis,Licenças,0,3,176.58,230.25,,0.0
PED-1933,25,2026-02-27 02:02:19,HW-002,Notebook Gamer i7,Hardware,2978,2,2484.48,4563.91,PROMO10,0.1
PED-1934,10,2026-02-27 06:13:47,AC-005,Hub USB-C 7 Portas,Acessórios,248,3,54.14,78.19,OFF20,0.2
PED-1935,17,2026-02-28 00:17:14,LIC-004,Licença Backup Acronis,Licenças,0,3,242.5,284.79,,0.0
PED-1936,115,2026-02-28 07:08:04,LIC-004,Licença Backup Acronis,Licenças,0,1,183.63,224.84,,0.0
PED-1937,164,2026-02-28 07:59:14,HW-002,Notebook Gamer i7,Hardware,2261,3,2791.33,4031.97,,0.0
PED-1938,8,2026-02-28 09:45:23,HW-008,Gabinete Gamer RGB,Hardware,4673,1,247.44,435.21,,0.0
PED-1939,150,2026-02-28 18:34:27,AC-002,Teclado Mecânico RGB,Acessórios,673,1,199.05,261.87,,0.0
PED-1940,61,2026-02-28 19:24:40,HW-007,Placa-Mãe B550,Hardware,2589,2,644.22,921.23,PROMO10,0.1
PED-1941,82,2026-02-28 22:49:50,AC-007,Cabo HDMI 2.1 3m,Acessórios,258,2,49.33,115.0,,0.0
PED-1942,175,2026-03-01 00:47:01,HW-007,Placa-Mãe B550,Hardware,2375,1,846.51,1487.49,,0.0
PED-1943,48,2026-03-01 08:20:26,LIC-002,Licença VPN NordVPN,Licenças,0,2,54.99,140.91,OFF20,0.2
PED-1944,42,2026-03-01 14:28:33,AC-006,Mousepad XL Gamer,Acessórios,564,1,25.97,98.04,,0.0
PED-1945,194,2026-03-01 14:38:31,HW-006,Fonte 750W Modular,Hardware,2892,1,571.52,907.01,PROMO10,0.1
PED-1946,63,2026-03-01 23:21:41,LIC-002,Licença VPN NordVPN,Licenças,0,1,71.74,90.24,OFF20,0.2
PED-1947,40,2026-03-02 18:09:34,LIC-003,Licença Cloud 1TB,Licenças,0,1,66.39,154.89,,0.0
PED-1948,139,2026-03-02 19:08:15,HW-007,Placa-Mãe B550,Hardware,2461,1,787.18,1174.47,,0.0
PED-1949,120,2026-03-02 23:50:32,AC-007,Cabo HDMI 2.1 3m,Acessórios,227,3,25.23,113.91,PROMO10,0.1
PED-1950,40,2026-03-03 01:44:45,HW-006,Fonte 750W Modular,Hardware,3314,3,559.62,716.37,,0.0
PED-1951,63,2026-03-03 10:34:34,SW-002,Microsoft Office 365,Software,0,3,219.06,514.76,PROMO10,0.1
PED-1952,26,2026-03-03 19:03:59,AC-003,Headset Gamer 7.1,Acessórios,335,3,67.69,127.43,,0.0
PED-1953,106,2026-03-04 04:58:40,AC-007,Cabo HDMI 2.1 3m,Acessórios,220,3,58.89,80.42,OFF20,0.2
PED-1954,130,2026-03-04 08:18:25,AC-007,Cabo HDMI 2.1 3m,Acessórios,214,2,27.43,95.35,,0.0
PED-1955,125,2026-03-04 18:02:08,AC-005,Hub USB-C 7 Portas,Acessórios,277,1,33.84,110.58,,0.0
PED-1956,56,2026-03-04 20:03:00,LIC-001,Licença Antivírus Kaspersky,Licenças,0,2,21.57,141.93,,0.0
PED-1957,37,2026-03-05 10:28:32,LIC-003,Licença Cloud 1TB,Licenças,0,2,39.87,98.46,PROMO10,0.1
PED-1958,123,2026-03-05 18:50:26,LIC-002,Licença VPN NordVPN,Licenças,0,2,61.97,193.49,,0.0
PED-1959,82,2026-03-06 00:11:30,HW-007,Placa-Mãe B550,Hardware,2762,1,784.93,1320.91,,0.0
PED-1960,44,2026-03-07 00:31:47,HW-002,Notebook Gamer i7,Hardware,2686,1,2588.71,4609.79,PROMO10,0.1
PED-1961,69,2026-03-07 11:28:03,SW-002,Microsoft Office 365,Software,0,2,320.89,590.38,,0.0
PED-1962,124,2026-03-08 22:34:24,HW-003,Placa de Vídeo RTX 4060,Hardware,2378,2,2293.48,2868.7,,0.0
PED-1963,133,2026-03-09 14:34:44,HW-008,Gabinete Gamer RGB,Hardware,4757,3,431.99,695.39,PROMO10,0.1
PED-1964,157,2026-03-10 00:31:44,SW-001,Windows 11 Pro,Software,0,1,434.42,725.18,PROMO10,0.1
PED-1965,158,2026-03-10 12:14:55,SW-002,Microsoft Office 365,Software,0,3,274.08,536.67,,0.0
PED-1966,61,2026-03-10 18:51:06,AC-001,Mouse Wireless Ergonômico,Acessórios,331,1,34.52,128.84,OFF20,0.2
PED-1967,118,2026-03-10 21:32:20,HW-003,Placa de Vídeo RTX 4060,Hardware,2367,2,2290.13,3168.3,,0.0
PED-1968,123,2026-03-11 13:55:35,AC-006,Mousepad XL Gamer,Acessórios,393,3,33.56,76.17,,0.0
PED-1969,196,2026-03-11 15:58:44,AC-001,Mouse Wireless Ergonômico,Acessórios,337,2,35.22,57.83,,0.0
PED-1970,113,2026-03-11 17:08:10,HW-006,Fonte 750W Modular,Hardware,2891,2,388.23,884.15,,0.0
PED-1971,38,2026-03-11 17:58:18,HW-002,Notebook Gamer i7,Hardware,2525,3,2356.63,4736.76,,0.0
PED-1972,30,2026-03-12 05:51:41,HW-003,Placa de Vídeo RTX 4060,Hardware,2513,1,2442.16,3810.85,,0.0
PED-1973,151,2026-03-12 13:18:58,HW-007,Placa-Mãe B550,Hardware,2548,2,550.49,1314.46,,0.0
PED-1974,132,2026-03-13 10:31:02,HW-002,Notebook Gamer i7,Hardware,2891,2,2525.78,4163.26,,0.0
PED-1975,199,2026-03-13 19:00:01,HW-002,Notebook Gamer i7,Hardware,2936,2,2526.69,3878.74,,0.0
PED-1976,166,2026-03-14 02:19:06,SW-003,Adobe Creative Cloud,Software,0,2,268.31,433.36,PROMO10,0.1
PED-1977,116,2026-03-14 16:22:57,SW-001,Windows 11 Pro,Software,0,1,389.63,607.73,,0.0
PED-1978,97,2026-03-15 16:14:33,HW-002,Notebook Gamer i7,Hardware,2616,3,2736.55,3924.55,,0.0
PED-1979,85,2026-03-15 17:34:45,SW-001,Windows 11 Pro,Software,0,1,340.15,670.74,,0.0
PED-1980,90,2026-03-15 19:55:16,AC-003,Headset Gamer 7.1,Acessórios,403,1,117.51,149.29,OFF20,0.2
PED-1981,89,2026-03-17 08:07:35,AC-006,Mousepad XL Gamer,Acessórios,516,2,25.19,91.22,PROMO10,0.1
PED-1982,150,2026-03-18 06:10:05,HW-007,Placa-Mãe B550,Hardware,2566,2,775.25,1101.84,,0.0
PED-1983,152,2026-03-19 05:38:18,HW-004,SSD NVMe 1TB,Hardware,2092,3,385.65,565.59,OFF20,0.2
PED-1984,124,2026-03-19 11:21:38,HW-004,SSD NVMe 1TB,Hardware,2099,3,260.94,511.26,,0.0
PED-1985,18,2026-03-20 09:37:27,AC-007,Cabo HDMI 2.1 3m,Acessórios,243,2,32.17,110.43,,0.0
PED-1986,26,2026-03-20 14:38:23,AC-004,Webcam Full HD,Acessórios,239,2,98.85,155.99,,0.0
PED-1987,58,2026-03-20 14:44:37,HW-007,Placa-Mãe B550,Hardware,2296,3,565.83,1149.13,,0.0
PED-1988,48,2026-03-20 21:38:00,HW-007,Placa-Mãe B550,Hardware,2177,3,801.6,1403.66,,0.0
PED-1989,91,2026-03-21 08:26:42,HW-003,Placa de Vídeo RTX 4060,Hardware,2756,1,1699.1,3511.01,,0.0
PED-1990,169,2026-03-21 14:53:09,HW-001,Monitor 24pol IPS,Hardware,4585,3,950.82,1951.89,PROMO10,0.1
PED-1991,190,2026-03-22 07:31:15,HW-001,Monitor 24pol IPS,Hardware,3787,2,980.05,1222.83,,0.0
PED-1992,62,2026-03-22 09:38:25,SW-004,AutoCAD 2024,Software,0,3,482.22,578.83,OFF20,0.2
PED-1993,164,2026-03-22 10:11:05,LIC-003,Licença Cloud 1TB,Licenças,0,1,76.19,248.79,OFF20,0.2
PED-1994,1,2026-03-22 23:40:21,AC-005,Hub USB-C 7 Portas,Acessórios,267,2,36.82,119.15,,0.0
PED-1995,157,2026-03-25 10:53:33,LIC-002,Licença VPN NordVPN,Licenças,0,3,61.74,178.96,,0.0
PED-1996,181,2026-03-25 17:47:02,HW-001,Monitor 24pol IPS,Hardware,4734,1,643.24,1981.07,,0.0
PED-1997,52,2026-03-26 16:41:34,AC-001,Mouse Wireless Ergonômico,Acessórios,307,1,39.21,87.25,,0.0
PED-1998,154,2026-03-26 17:01:39,AC-002,Teclado Mecânico RGB,Acessórios,743,3,189.48,246.85,OFF20,0.2
PED-1999,104,2026-03-26 17:35:26,HW-003,Placa de Vídeo RTX 4060,Hardware,2516,2,2199.66,3442.85,,0.0
